id_str,flagged,reason
1000000000000000001,True,"The tweet is vague and low-effort, adding no specific value beyond a common complaint."
1000000000000000002,True,The tweet is a retweet with no original thought added.
1000000000000000003,False,
1000000000000000004,False,
1000000000000000005,False,
1000000000000000006,True,"This is a vague, low-effort tweet that adds no significant value or insight."
1000000000000000007,True,"This makes a strong, subjective claim about a specific technology, which can be considered a hot take."
1000000000000000008,True,"This explicitly states it's a ""hot take"" and makes a controversial claim."
1000000000000000009,False,
1000000000000000010,True,"This makes a strong, prescriptive claim about a professional practice, which could be considered a hot take."
1000000000000000011,False,
1000000000000000012,False,
1000000000000000013,True,This is a retweet with no original thought added.
1000000000000000014,False,
1000000000000000015,False,
1000000000000000016,False,
1000000000000000017,False,
1000000000000000018,True,"This makes a strong, subjective claim about a specific technology, which can be considered a hot take."
1000000000000000019,True,This tweet complains about a specific tool in a bitter and unprofessional way.
1000000000000000020,True,"This is a vague, low-effort tweet that adds no significant value or insight."
1000000000000000021,False,
1000000000000000022,True,This is a retweet with no original thought added.
1000000000000000023,True,"This makes a strong, subjective claim about a specific technology, which can be considered a hot take."
1000000000000000024,False,
1000000000000000025,False,
1000000000000000026,False,
1000000000000000027,True,"This explicitly states it's a ""hot take"" and makes a controversial claim."
1000000000000000028,True,This is a retweet with no original thought added.
1000000000000000029,True,The tweet is a retweet with no original thought added.
1000000000000000030,True,The tweet makes a hot take or controversial claim that could age poorly.
1000000000000000031,True,The tweet expresses frustration or negativity about work in a sarcastic and unprofessional way.
1000000000000000032,False,
1000000000000000033,True,"The tweet is vague, low-effort, and adds no value."
1000000000000000034,True,The tweet complains about a specific technology in a bitter and unprofessional way.
1000000000000000035,False,
1000000000000000036,True,The tweet is a retweet with no original thought added.
1000000000000000037,True,The tweet is a retweet with no original thought added.
1000000000000000038,True,The tweet makes an explicit hot take or controversial claim.
1000000000000000039,False,
1000000000000000040,False,
1000000000000000041,False,
1000000000000000042,False,
1000000000000000043,True,The tweet complains about a specific technology in a way that sounds unprofessional and is a hot take.
1000000000000000044,False,
1000000000000000045,True,The tweet is a retweet with no original thought added.
1000000000000000046,True,The tweet is a retweet with no original thought added.
1000000000000000047,True,The tweet is a retweet with no original thought added.
1000000000000000048,True,The tweet complains about a specific technology in a way that sounds unprofessional and is a hot take.
1000000000000000049,False,
1000000000000000050,False,
1000000000000000051,True,The tweet expresses frustration or negativity about work in a sarcastic and unprofessional way.
1000000000000000052,True,"The tweet is vague, low-effort, and adds no value."
1000000000000000053,False,
1000000000000000054,True,Complains about a specific technology in a frustrated and unprofessional tone.
1000000000000000055,False,
1000000000000000056,False,
1000000000000000057,True,Expresses frustration about a common development task in a potentially unprofessional way.
1000000000000000058,False,
1000000000000000059,True,Is a retweet with no original thought added.
1000000000000000060,True,Makes a hot take or controversial claim about specific technologies.
1000000000000000061,True,Is a retweet with no original thought added.
1000000000000000062,True,Makes a hot take or controversial claim about specific technologies.
1000000000000000063,False,
1000000000000000064,False,
1000000000000000065,False,
1000000000000000066,True,Makes a hot take or controversial claim about a common development practice.
1000000000000000067,True,Complains about a specific technology in a frustrated and unprofessional tone.
1000000000000000068,False,
1000000000000000069,True,Expresses frustration about work in a sarcastic and unprofessional tone.
1000000000000000070,True,Complains about a specific technology in a frustrated and unprofessional tone.
1000000000000000071,False,
1000000000000000072,True,Is a retweet with no original thought added.
1000000000000000073,True,Is a retweet with no original thought added.
1000000000000000074,True,Is a retweet with no original thought added.
1000000000000000075,True,Is a retweet with no original thought added.
1000000000000000076,True,Complains about a specific technology in a frustrated and unprofessional tone.
1000000000000000077,True,Makes an explicit hot take and controversial claim.
1000000000000000078,False,
1000000000000000079,True,This is a retweet with no original thought added.
1000000000000000080,False,
1000000000000000081,False,
1000000000000000082,True,This tweet makes a hot take.
1000000000000000083,True,This is a retweet with no original thought added.
1000000000000000084,False,
1000000000000000085,False,
1000000000000000086,True,This is a retweet with no original thought added.
1000000000000000087,True,This is a retweet with no original thought added.
1000000000000000088,True,"This tweet is vague, low-effort, and adds no specific value or insight."
1000000000000000089,True,This tweet makes a hot take.
1000000000000000090,False,
1000000000000000091,True,This tweet makes a subjective and potentially controversial claim.
1000000000000000092,False,
1000000000000000093,False,
1000000000000000094,False,
1000000000000000095,False,
1000000000000000096,False,
1000000000000000097,True,This is a retweet with no original thought added.
1000000000000000098,True,This is a retweet with no original thought added.
1000000000000000099,True,This is a retweet with no original thought added.
1000000000000000100,True,This is a retweet with no original thought added.
1000000000000000101,False,
1000000000000000102,False,
1000000000000000103,False,
1000000000000000104,False,
1000000000000000105,False,
1000000000000000106,False,
1000000000000000107,False,
1000000000000000108,False,
1000000000000000109,False,
1000000000000000110,False,
1000000000000000111,False,
1000000000000000112,False,
1000000000000000113,False,
1000000000000000114,False,
1000000000000000115,False,
1000000000000000116,False,
1000000000000000117,False,
1000000000000000118,False,
1000000000000000119,False,
1000000000000000120,False,
1000000000000000121,False,
1000000000000000122,False,
1000000000000000123,False,
1000000000000000124,False,
1000000000000000125,False,
1000000000000000126,False,
1000000000000000127,False,
1000000000000000128,False,
1000000000000000129,False,
1000000000000000130,False,
1000000000000000131,False,
1000000000000000132,False,
1000000000000000133,False,
1000000000000000134,False,
1000000000000000135,False,
1000000000000000136,False,
1000000000000000137,False,
1000000000000000138,False,
1000000000000000139,False,
1000000000000000140,False,
1000000000000000141,False,
1000000000000000142,False,
1000000000000000143,False,
1000000000000000144,False,
1000000000000000145,False,
1000000000000000146,False,
1000000000000000147,False,
1000000000000000148,False,
1000000000000000149,False,
1000000000000000150,False,
1000000000000000151,False,
1000000000000000152,False,
1000000000000000153,False,
1000000000000000154,False,
1000000000000000155,False,
1000000000000000156,False,
1000000000000000157,False,
1000000000000000158,False,
1000000000000000159,False,
1000000000000000160,False,
1000000000000000161,False,
1000000000000000162,False,
1000000000000000163,False,
1000000000000000164,False,
1000000000000000165,False,
1000000000000000166,False,
1000000000000000167,False,
1000000000000000168,False,
1000000000000000169,False,
1000000000000000170,False,
1000000000000000171,False,
1000000000000000172,False,
1000000000000000173,False,
1000000000000000174,False,
1000000000000000175,False,
1000000000000000176,False,
1000000000000000177,False,
1000000000000000178,False,
1000000000000000179,False,
1000000000000000180,False,
1000000000000000181,False,
1000000000000000182,False,
1000000000000000183,False,
1000000000000000184,False,
1000000000000000185,False,
1000000000000000186,False,
1000000000000000187,False,
1000000000000000188,False,
1000000000000000189,False,
1000000000000000190,False,
1000000000000000191,False,
1000000000000000192,False,
1000000000000000193,False,
1000000000000000194,False,
1000000000000000195,False,
1000000000000000196,False,
1000000000000000197,False,
1000000000000000198,False,
1000000000000000199,False,
1000000000000000200,False,
1000000000000000201,False,
1000000000000000202,False,
1000000000000000203,False,
1000000000000000204,False,
1000000000000000205,False,
1000000000000000206,False,
1000000000000000207,False,
1000000000000000208,False,
1000000000000000209,False,
1000000000000000210,False,
1000000000000000211,False,
1000000000000000212,False,
1000000000000000213,False,
1000000000000000214,False,
1000000000000000215,False,
1000000000000000216,False,
1000000000000000217,False,
1000000000000000218,False,
1000000000000000219,False,
1000000000000000220,False,
1000000000000000221,False,
1000000000000000222,False,
1000000000000000223,False,
1000000000000000224,False,
1000000000000000225,False,
1000000000000000226,False,
1000000000000000227,False,
1000000000000000228,False,
1000000000000000229,False,
1000000000000000230,False,
1000000000000000231,False,
1000000000000000232,False,
1000000000000000233,False,
1000000000000000234,False,
1000000000000000235,False,
1000000000000000236,False,
1000000000000000237,False,
1000000000000000238,False,
1000000000000000239,False,
1000000000000000240,False,
1000000000000000241,False,
1000000000000000242,False,
1000000000000000243,False,
1000000000000000244,False,
1000000000000000245,False,
1000000000000000246,False,
1000000000000000247,False,
1000000000000000248,False,
1000000000000000249,False,
1000000000000000250,False,
1000000000000000251,False,
1000000000000000252,False,
1000000000000000253,False,
1000000000000000254,False,
1000000000000000255,False,
1000000000000000256,False,
1000000000000000257,False,
1000000000000000258,False,
1000000000000000259,False,
1000000000000000260,False,
1000000000000000261,False,
1000000000000000262,False,
1000000000000000263,False,
1000000000000000264,False,
1000000000000000265,False,
1000000000000000266,False,
1000000000000000267,False,
1000000000000000268,False,
1000000000000000269,False,
1000000000000000270,False,
1000000000000000271,False,
1000000000000000272,False,
1000000000000000273,False,
1000000000000000274,False,
1000000000000000275,False,
1000000000000000276,False,
1000000000000000277,False,
1000000000000000278,False,
1000000000000000279,False,
1000000000000000280,False,
1000000000000000281,False,
1000000000000000282,False,
1000000000000000283,False,
1000000000000000284,False,
1000000000000000285,False,
1000000000000000286,False,
1000000000000000287,False,
1000000000000000288,False,
1000000000000000289,False,
1000000000000000290,False,
1000000000000000291,False,
1000000000000000292,False,
1000000000000000293,False,
1000000000000000294,False,
1000000000000000295,False,
1000000000000000296,False,
1000000000000000297,False,
1000000000000000298,False,
1000000000000000299,False,
1000000000000000300,False,
1000000000000000301,False,
1000000000000000302,False,
1000000000000000303,False,
1000000000000000304,False,
1000000000000000305,False,
1000000000000000306,False,
1000000000000000307,False,
1000000000000000308,False,
1000000000000000309,False,
1000000000000000310,False,
1000000000000000311,False,
1000000000000000312,False,
1000000000000000313,False,
1000000000000000314,False,
1000000000000000315,False,
1000000000000000316,False,
1000000000000000317,False,
1000000000000000318,False,
1000000000000000319,False,
1000000000000000320,False,
1000000000000000321,False,
1000000000000000322,False,
1000000000000000323,False,
1000000000000000324,False,
1000000000000000325,False,
1000000000000000326,False,
1000000000000000327,False,
1000000000000000328,False,
1000000000000000329,False,
1000000000000000330,False,
1000000000000000331,False,
1000000000000000332,False,
1000000000000000333,False,
1000000000000000334,False,
1000000000000000335,False,
1000000000000000336,False,
1000000000000000337,False,
1000000000000000338,False,
1000000000000000339,False,
1000000000000000340,False,
1000000000000000341,False,
1000000000000000342,False,
1000000000000000343,False,
1000000000000000344,False,
1000000000000000345,False,
1000000000000000346,False,
1000000000000000347,False,
1000000000000000348,False,
1000000000000000349,False,
1000000000000000350,False,
1000000000000000351,False,
1000000000000000352,False,
1000000000000000353,False,
1000000000000000354,False,
1000000000000000355,False,
1000000000000000356,False,
1000000000000000357,False,
1000000000000000358,False,
1000000000000000359,False,
1000000000000000360,False,
1000000000000000361,False,
1000000000000000362,False,
1000000000000000363,False,
1000000000000000364,False,
1000000000000000365,False,
1000000000000000366,False,
1000000000000000367,False,
1000000000000000368,False,
1000000000000000369,False,
1000000000000000370,False,
1000000000000000371,False,
1000000000000000372,False,
1000000000000000373,False,
1000000000000000374,False,
1000000000000000375,False,
1000000000000000376,False,
1000000000000000377,False,
1000000000000000378,False,
1000000000000000379,False,
1000000000000000380,False,
1000000000000000381,False,
1000000000000000382,False,
1000000000000000383,False,
1000000000000000384,False,
1000000000000000385,False,
1000000000000000386,False,
1000000000000000387,False,
1000000000000000388,False,
1000000000000000389,False,
1000000000000000390,False,
1000000000000000391,False,
1000000000000000392,False,
1000000000000000393,False,
1000000000000000394,False,
1000000000000000395,False,
1000000000000000396,False,
1000000000000000397,False,
1000000000000000398,False,
1000000000000000399,False,
1000000000000000400,False,
1000000000000000401,False,
1000000000000000402,False,
1000000000000000403,False,
1000000000000000404,False,
1000000000000000405,False,
1000000000000000406,False,
1000000000000000407,False,
1000000000000000408,False,
1000000000000000409,False,
1000000000000000410,False,
1000000000000000411,False,
1000000000000000412,False,
1000000000000000413,False,
1000000000000000414,False,
1000000000000000415,False,
1000000000000000416,False,
1000000000000000417,False,
1000000000000000418,False,
1000000000000000419,False,
1000000000000000420,False,
1000000000000000421,False,
1000000000000000422,False,
1000000000000000423,False,
1000000000000000424,False,
1000000000000000425,False,
1000000000000000426,False,
1000000000000000427,False,
1000000000000000428,False,
1000000000000000429,False,
1000000000000000430,False,
1000000000000000431,False,
1000000000000000432,False,
1000000000000000433,False,
1000000000000000434,False,
1000000000000000435,False,
1000000000000000436,False,
1000000000000000437,False,
1000000000000000438,False,
1000000000000000439,False,
1000000000000000440,False,
1000000000000000441,False,
1000000000000000442,False,
1000000000000000443,False,
1000000000000000444,False,
1000000000000000445,False,
1000000000000000446,False,
1000000000000000447,False,
1000000000000000448,False,
1000000000000000449,False,
1000000000000000450,False,
1000000000000000451,False,
1000000000000000452,False,
1000000000000000453,False,
1000000000000000454,False,
1000000000000000455,False,
1000000000000000456,False,
1000000000000000457,False,
1000000000000000458,False,
1000000000000000459,False,
1000000000000000460,False,
1000000000000000461,False,
1000000000000000462,False,
1000000000000000463,False,
1000000000000000464,False,
1000000000000000465,False,
1000000000000000466,False,
1000000000000000467,False,
1000000000000000468,False,
1000000000000000469,False,
1000000000000000470,False,
1000000000000000471,False,
1000000000000000472,False,
1000000000000000473,False,
1000000000000000474,False,
1000000000000000475,False,
1000000000000000476,False,
1000000000000000477,False,
1000000000000000478,False,
1000000000000000479,False,
1000000000000000480,False,
1000000000000000481,False,
1000000000000000482,False,
1000000000000000483,False,
1000000000000000484,False,
1000000000000000485,False,
1000000000000000486,False,
1000000000000000487,False,
1000000000000000488,False,
1000000000000000489,False,
1000000000000000490,False,
1000000000000000491,False,
1000000000000000492,False,
1000000000000000493,False,
1000000000000000494,False,
1000000000000000495,False,
1000000000000000496,False,
1000000000000000497,False,
1000000000000000498,False,
1000000000000000499,False,
1000000000000000500,False,
1000000000000000501,False,
1000000000000000502,False,
1000000000000000503,False,
1000000000000000504,False,
1000000000000000505,False,
1000000000000000506,False,
1000000000000000507,False,
1000000000000000508,False,
1000000000000000509,False,
1000000000000000510,False,
1000000000000000511,False,
1000000000000000512,False,
1000000000000000513,False,
1000000000000000514,False,
1000000000000000515,False,
1000000000000000516,False,
1000000000000000517,False,
1000000000000000518,False,
1000000000000000519,False,
1000000000000000520,False,
1000000000000000521,False,
1000000000000000522,False,
1000000000000000523,False,
1000000000000000524,False,
1000000000000000525,False,
1000000000000000526,False,
1000000000000000527,False,
1000000000000000528,False,
1000000000000000529,False,
1000000000000000530,False,
1000000000000000531,False,
1000000000000000532,False,
1000000000000000533,False,
1000000000000000534,False,
1000000000000000535,False,
1000000000000000536,False,
1000000000000000537,False,
1000000000000000538,False,
1000000000000000539,False,
1000000000000000540,False,
1000000000000000541,False,
1000000000000000542,False,
1000000000000000543,False,
1000000000000000544,False,
1000000000000000545,False,
1000000000000000546,False,
1000000000000000547,False,
1000000000000000548,False,
1000000000000000549,False,
1000000000000000550,False,
1000000000000000551,False,
1000000000000000552,False,
1000000000000000553,False,
1000000000000000554,False,
1000000000000000555,False,
1000000000000000556,False,
1000000000000000557,False,
1000000000000000558,False,
1000000000000000559,False,
1000000000000000560,False,
1000000000000000561,False,
1000000000000000562,False,
1000000000000000563,False,
1000000000000000564,False,
1000000000000000565,False,
1000000000000000566,False,
1000000000000000567,False,
1000000000000000568,False,
1000000000000000569,False,
1000000000000000570,False,
1000000000000000571,False,
1000000000000000572,False,
1000000000000000573,False,
1000000000000000574,False,
1000000000000000575,False,
1000000000000000576,False,
1000000000000000577,False,
1000000000000000578,False,
1000000000000000579,False,
1000000000000000580,False,
1000000000000000581,False,
1000000000000000582,False,
1000000000000000583,False,
1000000000000000584,False,
1000000000000000585,False,
1000000000000000586,False,
1000000000000000587,False,
1000000000000000588,False,
1000000000000000589,False,
1000000000000000590,False,
1000000000000000591,False,
1000000000000000592,False,
1000000000000000593,False,
1000000000000000594,False,
1000000000000000595,False,
1000000000000000596,False,
1000000000000000597,False,
1000000000000000598,False,
1000000000000000599,False,
1000000000000000600,False,
1000000000000000601,False,
1000000000000000602,False,
1000000000000000603,False,
1000000000000000604,False,
1000000000000000605,False,
1000000000000000606,False,
1000000000000000607,False,
1000000000000000608,False,
1000000000000000609,False,
1000000000000000610,False,
1000000000000000611,False,
1000000000000000612,False,
1000000000000000613,False,
1000000000000000614,False,
1000000000000000615,False,
1000000000000000616,False,
1000000000000000617,False,
1000000000000000618,False,
1000000000000000619,False,
1000000000000000620,False,
1000000000000000621,False,
1000000000000000622,False,
1000000000000000623,False,
1000000000000000624,False,
1000000000000000625,False,
1000000000000000626,False,
1000000000000000627,False,
1000000000000000628,False,
1000000000000000629,False,
1000000000000000630,False,
1000000000000000631,False,
1000000000000000632,False,
1000000000000000633,False,
1000000000000000634,False,
1000000000000000635,False,
1000000000000000636,False,
1000000000000000637,False,
1000000000000000638,False,
1000000000000000639,False,
1000000000000000640,False,
1000000000000000641,False,
1000000000000000642,False,
1000000000000000643,False,
1000000000000000644,False,
1000000000000000645,False,
1000000000000000646,False,
1000000000000000647,False,
1000000000000000648,False,
1000000000000000649,False,
1000000000000000650,False,
1000000000000000651,False,
1000000000000000652,False,
1000000000000000653,False,
1000000000000000654,False,
1000000000000000655,False,
1000000000000000656,False,
1000000000000000657,False,
1000000000000000658,False,
1000000000000000659,False,
1000000000000000660,False,
1000000000000000661,False,
1000000000000000662,False,
1000000000000000663,False,
1000000000000000664,False,
1000000000000000665,False,
1000000000000000666,False,
1000000000000000667,False,
1000000000000000668,False,
1000000000000000669,False,
1000000000000000670,False,
1000000000000000671,False,
1000000000000000672,False,
1000000000000000673,False,
1000000000000000674,False,
1000000000000000675,False,
1000000000000000676,False,
1000000000000000677,False,
1000000000000000678,False,
1000000000000000679,False,
1000000000000000680,False,
1000000000000000681,False,
1000000000000000682,False,
1000000000000000683,False,
1000000000000000684,False,
1000000000000000685,False,
1000000000000000686,False,
1000000000000000687,False,
1000000000000000688,False,
1000000000000000689,False,
1000000000000000690,False,
1000000000000000691,False,
1000000000000000692,False,
1000000000000000693,False,
1000000000000000694,False,
1000000000000000695,False,
1000000000000000696,False,
1000000000000000697,False,
1000000000000000698,False,
1000000000000000699,False,
1000000000000000700,False,
1000000000000000701,False,
1000000000000000702,False,
1000000000000000703,False,
1000000000000000704,False,
1000000000000000705,False,
1000000000000000706,False,
1000000000000000707,False,
1000000000000000708,False,
1000000000000000709,False,
1000000000000000710,False,
1000000000000000711,False,
1000000000000000712,False,
1000000000000000713,False,
1000000000000000714,False,
1000000000000000715,False,
1000000000000000716,False,
1000000000000000717,False,
1000000000000000718,False,
1000000000000000719,False,
1000000000000000720,False,
1000000000000000721,False,
1000000000000000722,False,
1000000000000000723,False,
1000000000000000724,False,
1000000000000000725,False,
1000000000000000726,False,
1000000000000000727,False,
1000000000000000728,False,
1000000000000000729,False,
1000000000000000730,False,
1000000000000000731,False,
1000000000000000732,False,
1000000000000000733,False,
1000000000000000734,False,
1000000000000000735,False,
1000000000000000736,False,
1000000000000000737,False,
1000000000000000738,False,
1000000000000000739,False,
1000000000000000740,False,
1000000000000000741,False,
1000000000000000742,False,
1000000000000000743,False,
1000000000000000744,False,
1000000000000000745,False,
1000000000000000746,False,
1000000000000000747,False,
1000000000000000748,False,
1000000000000000749,False,
1000000000000000750,False,
1000000000000000751,False,
1000000000000000752,False,
1000000000000000753,False,
1000000000000000754,False,
1000000000000000755,False,
1000000000000000756,False,
1000000000000000757,False,
1000000000000000758,False,
1000000000000000759,False,
1000000000000000760,False,
1000000000000000761,False,
1000000000000000762,False,
1000000000000000763,False,
1000000000000000764,False,
1000000000000000765,False,
1000000000000000766,False,
1000000000000000767,False,
1000000000000000768,False,
1000000000000000769,False,
1000000000000000770,False,
1000000000000000771,False,
1000000000000000772,False,
1000000000000000773,False,
1000000000000000774,False,
1000000000000000775,False,
1000000000000000776,False,
1000000000000000777,False,
1000000000000000778,False,
1000000000000000779,False,
1000000000000000780,False,
1000000000000000781,False,
1000000000000000782,False,
1000000000000000783,False,
1000000000000000784,False,
1000000000000000785,False,
1000000000000000786,False,
1000000000000000787,False,
1000000000000000788,False,
1000000000000000789,False,
1000000000000000790,False,
1000000000000000791,False,
1000000000000000792,False,
1000000000000000793,False,
1000000000000000794,False,
1000000000000000795,False,
1000000000000000796,False,
1000000000000000797,False,
1000000000000000798,False,
1000000000000000799,False,
1000000000000000800,False,
1000000000000000801,False,
1000000000000000802,False,
1000000000000000803,False,
1000000000000000804,False,
1000000000000000805,False,
1000000000000000806,False,
1000000000000000807,False,
1000000000000000808,False,
1000000000000000809,False,
1000000000000000810,False,
1000000000000000811,False,
1000000000000000812,False,
1000000000000000813,False,
1000000000000000814,False,
1000000000000000815,False,
1000000000000000816,False,
1000000000000000817,False,
1000000000000000818,False,
1000000000000000819,False,
1000000000000000820,False,
1000000000000000821,False,
1000000000000000822,False,
1000000000000000823,False,
1000000000000000824,False,
1000000000000000825,False,
1000000000000000826,False,
1000000000000000827,False,
1000000000000000828,False,
1000000000000000829,False,
1000000000000000830,False,
1000000000000000831,False,
1000000000000000832,False,
1000000000000000833,False,
1000000000000000834,False,
1000000000000000835,False,
1000000000000000836,False,
1000000000000000837,False,
1000000000000000838,False,
1000000000000000839,False,
1000000000000000840,False,
1000000000000000841,False,
1000000000000000842,False,
1000000000000000843,False,
1000000000000000844,False,
1000000000000000845,False,
1000000000000000846,False,
1000000000000000847,False,
1000000000000000848,False,
1000000000000000849,False,
1000000000000000850,False,
1000000000000000851,False,
1000000000000000852,False,
1000000000000000853,False,
1000000000000000854,False,
1000000000000000855,False,
1000000000000000856,False,
1000000000000000857,False,
1000000000000000858,False,
1000000000000000859,False,
1000000000000000860,False,
1000000000000000861,False,
1000000000000000862,False,
1000000000000000863,False,
1000000000000000864,False,
1000000000000000865,False,
1000000000000000866,False,
1000000000000000867,False,
1000000000000000868,False,
1000000000000000869,False,
1000000000000000870,False,
1000000000000000871,False,
1000000000000000872,False,
1000000000000000873,False,
1000000000000000874,False,
1000000000000000875,False,
1000000000000000876,False,
1000000000000000877,False,
1000000000000000878,False,
1000000000000000879,False,
1000000000000000880,False,
1000000000000000881,False,
1000000000000000882,False,
1000000000000000883,False,
1000000000000000884,False,
1000000000000000885,False,
1000000000000000886,False,
1000000000000000887,False,
1000000000000000888,False,
1000000000000000889,False,
1000000000000000890,False,
1000000000000000891,False,
1000000000000000892,False,
1000000000000000893,False,
1000000000000000894,False,
1000000000000000895,False,
1000000000000000896,False,
1000000000000000897,False,
1000000000000000898,False,
1000000000000000899,False,
1000000000000000900,False,
1000000000000000901,False,
1000000000000000902,False,
1000000000000000903,False,
1000000000000000904,False,
1000000000000000905,False,
1000000000000000906,False,
1000000000000000907,False,
1000000000000000908,False,
1000000000000000909,False,
1000000000000000910,False,
1000000000000000911,False,
1000000000000000912,False,
1000000000000000913,False,
1000000000000000914,False,
1000000000000000915,False,
1000000000000000916,False,
1000000000000000917,False,
1000000000000000918,False,
1000000000000000919,False,
1000000000000000920,False,
1000000000000000921,False,
1000000000000000922,False,
1000000000000000923,False,
1000000000000000924,False,
1000000000000000925,False,
1000000000000000926,False,
1000000000000000927,False,
1000000000000000928,False,
1000000000000000929,False,
1000000000000000930,False,
1000000000000000931,False,
1000000000000000932,False,
1000000000000000933,False,
1000000000000000934,False,
1000000000000000935,False,
1000000000000000936,False,
1000000000000000937,False,
1000000000000000938,False,
1000000000000000939,False,
1000000000000000940,False,
1000000000000000941,False,
1000000000000000942,False,
1000000000000000943,False,
1000000000000000944,False,
1000000000000000945,False,
1000000000000000946,False,
1000000000000000947,False,
1000000000000000948,False,
1000000000000000949,False,
1000000000000000950,False,
1000000000000000951,False,
1000000000000000952,False,
1000000000000000953,False,
1000000000000000954,False,
1000000000000000955,False,
1000000000000000956,False,
1000000000000000957,False,
1000000000000000958,False,
1000000000000000959,False,
1000000000000000960,False,
1000000000000000961,False,
1000000000000000962,False,
1000000000000000963,False,
1000000000000000964,False,
1000000000000000965,False,
1000000000000000966,False,
1000000000000000967,False,
1000000000000000968,False,
1000000000000000969,False,
1000000000000000970,False,
1000000000000000971,False,
1000000000000000972,False,
1000000000000000973,False,
1000000000000000974,False,
1000000000000000975,False,
1000000000000000976,False,
1000000000000000977,False,
1000000000000000978,False,
1000000000000000979,False,
1000000000000000980,False,
1000000000000000981,False,
1000000000000000982,False,
1000000000000000983,False,
1000000000000000984,False,
1000000000000000985,False,
1000000000000000986,False,
1000000000000000987,False,
1000000000000000988,False,
1000000000000000989,False,
1000000000000000990,False,
1000000000000000991,False,
1000000000000000992,False,
1000000000000000993,False,
1000000000000000994,False,
1000000000000000995,False,
1000000000000000996,False,
1000000000000000997,False,
1000000000000000998,False,
1000000000000000999,False,
1000000000000001000,False,
1000000000000001001,False,
1000000000000001002,False,
1000000000000001003,False,
1000000000000001004,False,
1000000000000001005,False,
1000000000000001006,False,
1000000000000001007,False,
1000000000000001008,False,
1000000000000001009,False,
1000000000000001010,False,
1000000000000001011,False,
1000000000000001012,False,
1000000000000001013,False,
1000000000000001014,False,
1000000000000001015,False,
1000000000000001016,False,
1000000000000001017,False,
1000000000000001018,False,
1000000000000001019,False,
1000000000000001020,False,
1000000000000001021,False,
1000000000000001022,False,
1000000000000001023,False,
1000000000000001024,False,
1000000000000001025,False,
1000000000000001026,False,
1000000000000001027,False,
1000000000000001028,False,
1000000000000001029,False,
1000000000000001030,False,
1000000000000001031,False,
1000000000000001032,False,
1000000000000001033,False,
1000000000000001034,False,
1000000000000001035,False,
1000000000000001036,False,
1000000000000001037,False,
1000000000000001038,False,
1000000000000001039,False,
1000000000000001040,False,
1000000000000001041,False,
1000000000000001042,False,
1000000000000001043,False,
1000000000000001044,False,
1000000000000001045,False,
1000000000000001046,False,
1000000000000001047,False,
1000000000000001048,False,
1000000000000001049,False,
1000000000000001050,False,
1000000000000001051,False,
1000000000000001052,False,
1000000000000001053,False,
1000000000000001054,False,
1000000000000001055,False,
1000000000000001056,False,
1000000000000001057,False,
1000000000000001058,False,
1000000000000001059,False,
1000000000000001060,False,
1000000000000001061,False,
1000000000000001062,False,
1000000000000001063,False,
1000000000000001064,False,
1000000000000001065,False,
1000000000000001066,False,
1000000000000001067,False,
1000000000000001068,False,
1000000000000001069,False,
1000000000000001070,False,
1000000000000001071,False,
1000000000000001072,False,
1000000000000001073,False,
1000000000000001074,False,
1000000000000001075,False,
1000000000000001076,False,
1000000000000001077,False,
1000000000000001078,False,
1000000000000001079,False,
1000000000000001080,False,
1000000000000001081,False,
1000000000000001082,False,
1000000000000001083,False,
1000000000000001084,False,
1000000000000001085,False,
1000000000000001086,False,
1000000000000001087,False,
1000000000000001088,False,
1000000000000001089,False,
1000000000000001090,False,
1000000000000001091,False,
1000000000000001092,False,
1000000000000001093,False,
1000000000000001094,False,
1000000000000001095,False,
1000000000000001096,False,
1000000000000001097,False,
1000000000000001098,False,
1000000000000001099,False,
1000000000000001100,False,
1000000000000001101,False,
1000000000000001102,False,
1000000000000001103,False,
1000000000000001104,False,
1000000000000001105,False,
1000000000000001106,False,
1000000000000001107,False,
1000000000000001108,False,
1000000000000001109,False,
1000000000000001110,False,
1000000000000001111,False,
1000000000000001112,False,
1000000000000001113,False,
1000000000000001114,False,
1000000000000001115,False,
1000000000000001116,False,
1000000000000001117,False,
1000000000000001118,False,
1000000000000001119,False,
1000000000000001120,False,
1000000000000001121,False,
1000000000000001122,False,
1000000000000001123,False,
1000000000000001124,False,
1000000000000001125,False,
1000000000000001126,False,
1000000000000001127,False,
1000000000000001128,False,
1000000000000001129,False,
1000000000000001130,False,
1000000000000001131,False,
1000000000000001132,False,
1000000000000001133,False,
1000000000000001134,False,
1000000000000001135,False,
1000000000000001136,False,
1000000000000001137,False,
1000000000000001138,False,
1000000000000001139,False,
1000000000000001140,False,
1000000000000001141,False,
1000000000000001142,False,
1000000000000001143,False,
1000000000000001144,False,
1000000000000001145,False,
1000000000000001146,False,
1000000000000001147,False,
1000000000000001148,False,
1000000000000001149,False,
1000000000000001150,False,
1000000000000001151,False,
1000000000000001152,False,
1000000000000001153,False,
1000000000000001154,False,
1000000000000001155,False,
1000000000000001156,False,
1000000000000001157,False,
1000000000000001158,False,
1000000000000001159,False,
1000000000000001160,False,
1000000000000001161,False,
1000000000000001162,False,
1000000000000001163,False,
1000000000000001164,False,
1000000000000001165,False,
1000000000000001166,False,
1000000000000001167,False,
1000000000000001168,False,
1000000000000001169,False,
1000000000000001170,False,
1000000000000001171,False,
1000000000000001172,False,
1000000000000001173,False,
1000000000000001174,False,
1000000000000001175,False,
1000000000000001176,False,
1000000000000001177,False,
1000000000000001178,False,
1000000000000001179,False,
1000000000000001180,False,
1000000000000001181,False,
1000000000000001182,False,
1000000000000001183,False,
1000000000000001184,False,
1000000000000001185,False,
1000000000000001186,False,
1000000000000001187,False,
1000000000000001188,False,
1000000000000001189,False,
1000000000000001190,False,
1000000000000001191,False,
1000000000000001192,False,
1000000000000001193,False,
1000000000000001194,False,
1000000000000001195,False,
1000000000000001196,False,
1000000000000001197,False,
1000000000000001198,False,
1000000000000001199,False,
1000000000000001200,False,
1000000000000001201,False,
1000000000000001202,False,
1000000000000001203,False,
1000000000000001204,False,
1000000000000001205,False,
1000000000000001206,False,
1000000000000001207,False,
1000000000000001208,False,
1000000000000001209,False,
1000000000000001210,False,
1000000000000001211,False,
1000000000000001212,False,
1000000000000001213,False,
1000000000000001214,False,
1000000000000001215,False,
1000000000000001216,False,
1000000000000001217,False,
1000000000000001218,False,
1000000000000001219,False,
1000000000000001220,False,
1000000000000001221,False,
1000000000000001222,False,
1000000000000001223,False,
1000000000000001224,False,
1000000000000001225,False,
1000000000000001226,False,
1000000000000001227,False,
1000000000000001228,False,
1000000000000001229,False,
1000000000000001230,False,
1000000000000001231,False,
1000000000000001232,False,
1000000000000001233,False,
1000000000000001234,False,
1000000000000001235,False,
1000000000000001236,False,
1000000000000001237,False,
1000000000000001238,False,
1000000000000001239,False,
1000000000000001240,False,
1000000000000001241,False,
1000000000000001242,False,
1000000000000001243,False,
1000000000000001244,False,
1000000000000001245,False,
1000000000000001246,False,
1000000000000001247,False,
1000000000000001248,False,
1000000000000001249,False,
1000000000000001250,False,
1000000000000001251,False,
1000000000000001252,False,
1000000000000001253,False,
1000000000000001254,False,
1000000000000001255,False,
1000000000000001256,False,
1000000000000001257,False,
1000000000000001258,False,
1000000000000001259,False,
1000000000000001260,False,
1000000000000001261,False,
1000000000000001262,False,
1000000000000001263,False,
1000000000000001264,False,
1000000000000001265,False,
1000000000000001266,False,
1000000000000001267,False,
1000000000000001268,False,
1000000000000001269,False,
1000000000000001270,False,
1000000000000001271,False,
1000000000000001272,False,
1000000000000001273,False,
1000000000000001274,False,
1000000000000001275,False,
1000000000000001276,False,
1000000000000001277,False,
1000000000000001278,False,
1000000000000001279,False,
1000000000000001280,False,
1000000000000001281,False,
1000000000000001282,False,
1000000000000001283,False,
1000000000000001284,False,
1000000000000001285,False,
1000000000000001286,False,
1000000000000001287,False,
1000000000000001288,False,
1000000000000001289,False,
1000000000000001290,False,
1000000000000001291,False,
1000000000000001292,False,
1000000000000001293,False,
1000000000000001294,False,
1000000000000001295,False,
1000000000000001296,False,
1000000000000001297,False,
1000000000000001298,False,
1000000000000001299,False,
1000000000000001300,False,
1000000000000001301,False,
1000000000000001302,False,
1000000000000001303,False,
1000000000000001304,False,
1000000000000001305,False,
1000000000000001306,False,
1000000000000001307,False,
1000000000000001308,False,
1000000000000001309,False,
1000000000000001310,False,
1000000000000001311,False,
1000000000000001312,False,
1000000000000001313,False,
1000000000000001314,False,
1000000000000001315,False,
1000000000000001316,False,
1000000000000001317,False,
1000000000000001318,False,
1000000000000001319,False,
1000000000000001320,False,
1000000000000001321,False,
1000000000000001322,False,
1000000000000001323,False,
1000000000000001324,False,
1000000000000001325,False,
1000000000000001326,False,
1000000000000001327,False,
1000000000000001328,False,
1000000000000001329,False,
1000000000000001330,False,
1000000000000001331,False,
1000000000000001332,False,
1000000000000001333,False,
1000000000000001334,False,
1000000000000001335,False,
1000000000000001336,False,
1000000000000001337,False,
1000000000000001338,False,
1000000000000001339,False,
1000000000000001340,False,
1000000000000001341,False,
1000000000000001342,False,
1000000000000001343,False,
1000000000000001344,False,
1000000000000001345,False,
1000000000000001346,False,
1000000000000001347,False,
1000000000000001348,False,
1000000000000001349,False,
1000000000000001350,False,
1000000000000001351,False,
1000000000000001352,False,
1000000000000001353,False,
1000000000000001354,False,
1000000000000001355,False,
1000000000000001356,False,
1000000000000001357,False,
1000000000000001358,False,
1000000000000001359,False,
1000000000000001360,False,
1000000000000001361,False,
1000000000000001362,False,
1000000000000001363,False,
1000000000000001364,False,
1000000000000001365,False,
1000000000000001366,False,
1000000000000001367,False,
1000000000000001368,False,
1000000000000001369,False,
1000000000000001370,False,
1000000000000001371,False,
1000000000000001372,False,
1000000000000001373,False,
1000000000000001374,False,
1000000000000001375,False,
1000000000000001376,False,
1000000000000001377,False,
1000000000000001378,False,
1000000000000001379,False,
1000000000000001380,False,
1000000000000001381,False,
1000000000000001382,False,
1000000000000001383,False,
1000000000000001384,False,
1000000000000001385,False,
1000000000000001386,False,
1000000000000001387,False,
1000000000000001388,False,
1000000000000001389,False,
1000000000000001390,False,
1000000000000001391,False,
1000000000000001392,False,
1000000000000001393,False,
1000000000000001394,False,
1000000000000001395,False,
1000000000000001396,False,
1000000000000001397,False,
1000000000000001398,False,
1000000000000001399,False,
1000000000000001400,False,
1000000000000001401,False,
1000000000000001402,False,
1000000000000001403,False,
1000000000000001404,False,
1000000000000001405,False,
1000000000000001406,False,
1000000000000001407,False,
1000000000000001408,False,
1000000000000001409,False,
1000000000000001410,False,
1000000000000001411,False,
1000000000000001412,False,
1000000000000001413,False,
1000000000000001414,False,
1000000000000001415,False,
1000000000000001416,False,
1000000000000001417,False,
1000000000000001418,False,
1000000000000001419,False,
1000000000000001420,False,
1000000000000001421,False,
1000000000000001422,False,
1000000000000001423,False,
1000000000000001424,False,
1000000000000001425,False,
1000000000000001426,False,
1000000000000001427,False,
1000000000000001428,False,
1000000000000001429,False,
1000000000000001430,False,
1000000000000001431,False,
1000000000000001432,False,
1000000000000001433,False,
1000000000000001434,False,
1000000000000001435,False,
1000000000000001436,False,
1000000000000001437,False,
1000000000000001438,False,
1000000000000001439,False,
1000000000000001440,False,
1000000000000001441,False,
1000000000000001442,False,
1000000000000001443,False,
1000000000000001444,False,
1000000000000001445,False,
1000000000000001446,False,
1000000000000001447,False,
1000000000000001448,False,
1000000000000001449,False,
1000000000000001450,False,
1000000000000001451,False,
1000000000000001452,False,
1000000000000001453,False,
1000000000000001454,False,
1000000000000001455,False,
1000000000000001456,False,
1000000000000001457,False,
1000000000000001458,False,
1000000000000001459,False,
1000000000000001460,False,
1000000000000001461,False,
1000000000000001462,False,
1000000000000001463,False,
1000000000000001464,False,
1000000000000001465,False,
1000000000000001466,False,
1000000000000001467,False,
1000000000000001468,False,
1000000000000001469,False,
1000000000000001470,False,
1000000000000001471,False,
1000000000000001472,False,
1000000000000001473,False,
1000000000000001474,False,
1000000000000001475,False,
1000000000000001476,False,
1000000000000001477,False,
1000000000000001478,False,
1000000000000001479,False,
1000000000000001480,False,
1000000000000001481,False,
1000000000000001482,False,
1000000000000001483,False,
1000000000000001484,False,
1000000000000001485,False,
1000000000000001486,False,
1000000000000001487,False,
1000000000000001488,False,
1000000000000001489,False,
1000000000000001490,False,
1000000000000001491,False,
1000000000000001492,False,
1000000000000001493,False,
1000000000000001494,False,
1000000000000001495,False,
1000000000000001496,False,
1000000000000001497,False,
1000000000000001498,False,
1000000000000001499,False,
1000000000000001500,False,
1000000000000001501,False,
1000000000000001502,False,
1000000000000001503,False,
1000000000000001504,False,
1000000000000001505,False,
1000000000000001506,False,
1000000000000001507,False,
1000000000000001508,False,
1000000000000001509,False,
1000000000000001510,False,
1000000000000001511,False,
1000000000000001512,False,
1000000000000001513,False,
1000000000000001514,False,
1000000000000001515,False,
1000000000000001516,False,
1000000000000001517,False,
1000000000000001518,False,
1000000000000001519,False,
1000000000000001520,False,
1000000000000001521,False,
1000000000000001522,False,
1000000000000001523,False,
1000000000000001524,False,
1000000000000001525,False,
1000000000000001526,False,
1000000000000001527,False,
1000000000000001528,False,
1000000000000001529,False,
1000000000000001530,False,
1000000000000001531,False,
1000000000000001532,False,
1000000000000001533,False,
1000000000000001534,False,
1000000000000001535,False,
1000000000000001536,False,
1000000000000001537,False,
1000000000000001538,False,
1000000000000001539,False,
1000000000000001540,False,
1000000000000001541,False,
1000000000000001542,False,
1000000000000001543,False,
1000000000000001544,False,
1000000000000001545,False,
1000000000000001546,False,
1000000000000001547,False,
1000000000000001548,False,
1000000000000001549,False,
1000000000000001550,False,
1000000000000001551,False,
1000000000000001552,False,
1000000000000001553,False,
1000000000000001554,False,
1000000000000001555,False,
1000000000000001556,False,
1000000000000001557,False,
1000000000000001558,False,
1000000000000001559,False,
1000000000000001560,False,
1000000000000001561,False,
1000000000000001562,False,
1000000000000001563,False,
1000000000000001564,False,
1000000000000001565,False,
1000000000000001566,False,
1000000000000001567,False,
1000000000000001568,False,
1000000000000001569,False,
1000000000000001570,False,
1000000000000001571,False,
1000000000000001572,False,
1000000000000001573,False,
1000000000000001574,False,
1000000000000001575,False,
1000000000000001576,False,
1000000000000001577,False,
1000000000000001578,False,
1000000000000001579,False,
1000000000000001580,False,
1000000000000001581,False,
1000000000000001582,False,
1000000000000001583,False,
1000000000000001584,False,
1000000000000001585,False,
1000000000000001586,False,
1000000000000001587,False,
1000000000000001588,False,
1000000000000001589,False,
1000000000000001590,False,
1000000000000001591,False,
1000000000000001592,False,
1000000000000001593,False,
1000000000000001594,False,
1000000000000001595,False,
1000000000000001596,False,
1000000000000001597,False,
1000000000000001598,False,
1000000000000001599,False,
1000000000000001600,False,
1000000000000001601,False,
1000000000000001602,False,
1000000000000001603,False,
1000000000000001604,False,
1000000000000001605,False,
1000000000000001606,False,
1000000000000001607,False,
1000000000000001608,False,
1000000000000001609,False,
1000000000000001610,False,
1000000000000001611,False,
1000000000000001612,False,
1000000000000001613,False,
1000000000000001614,False,
1000000000000001615,False,
1000000000000001616,False,
1000000000000001617,False,
1000000000000001618,False,
1000000000000001619,False,
1000000000000001620,False,
1000000000000001621,False,
1000000000000001622,False,
1000000000000001623,False,
1000000000000001624,False,
1000000000000001625,False,
1000000000000001626,False,
1000000000000001627,False,
1000000000000001628,False,
1000000000000001629,False,
1000000000000001630,False,
1000000000000001631,False,
1000000000000001632,False,
1000000000000001633,False,
1000000000000001634,False,
1000000000000001635,False,
1000000000000001636,False,
1000000000000001637,False,
1000000000000001638,False,
1000000000000001639,False,
1000000000000001640,False,
1000000000000001641,False,
1000000000000001642,False,
1000000000000001643,False,
1000000000000001644,False,
1000000000000001645,False,
1000000000000001646,False,
1000000000000001647,False,
1000000000000001648,False,
1000000000000001649,False,
1000000000000001650,False,
1000000000000001651,False,
1000000000000001652,False,
1000000000000001653,False,
1000000000000001654,False,
1000000000000001655,False,
1000000000000001656,False,
1000000000000001657,False,
1000000000000001658,False,
1000000000000001659,False,
1000000000000001660,False,
1000000000000001661,False,
1000000000000001662,False,
1000000000000001663,False,
1000000000000001664,False,
1000000000000001665,False,
1000000000000001666,False,
1000000000000001667,False,
1000000000000001668,False,
1000000000000001669,False,
1000000000000001670,False,
1000000000000001671,False,
1000000000000001672,False,
1000000000000001673,False,
1000000000000001674,False,
1000000000000001675,False,
1000000000000001676,False,
1000000000000001677,False,
1000000000000001678,False,
1000000000000001679,False,
1000000000000001680,False,
1000000000000001681,False,
1000000000000001682,False,
1000000000000001683,False,
1000000000000001684,False,
1000000000000001685,False,
1000000000000001686,False,
1000000000000001687,False,
1000000000000001688,False,
1000000000000001689,False,
1000000000000001690,False,
1000000000000001691,False,
1000000000000001692,False,
1000000000000001693,False,
1000000000000001694,False,
1000000000000001695,False,
1000000000000001696,False,
1000000000000001697,False,
1000000000000001698,False,
1000000000000001699,False,
1000000000000001700,False,
1000000000000001701,False,
1000000000000001702,False,
1000000000000001703,False,
1000000000000001704,False,
1000000000000001705,False,
1000000000000001706,False,
1000000000000001707,False,
1000000000000001708,False,
1000000000000001709,False,
1000000000000001710,False,
1000000000000001711,False,
1000000000000001712,False,
1000000000000001713,False,
1000000000000001714,False,
1000000000000001715,False,
1000000000000001716,False,
1000000000000001717,False,
1000000000000001718,False,
1000000000000001719,False,
1000000000000001720,False,
1000000000000001721,False,
1000000000000001722,False,
1000000000000001723,False,
1000000000000001724,False,
1000000000000001725,False,
1000000000000001726,False,
1000000000000001727,False,
1000000000000001728,False,
1000000000000001729,False,
1000000000000001730,False,
1000000000000001731,False,
1000000000000001732,False,
1000000000000001733,False,
1000000000000001734,False,
1000000000000001735,False,
1000000000000001736,False,
1000000000000001737,False,
1000000000000001738,False,
1000000000000001739,False,
1000000000000001740,False,
1000000000000001741,False,
1000000000000001742,False,
1000000000000001743,False,
1000000000000001744,False,
1000000000000001745,False,
1000000000000001746,False,
1000000000000001747,False,
1000000000000001748,False,
1000000000000001749,False,
1000000000000001750,False,
1000000000000001751,False,
1000000000000001752,False,
1000000000000001753,False,
1000000000000001754,False,
1000000000000001755,False,
1000000000000001756,False,
1000000000000001757,False,
1000000000000001758,False,
1000000000000001759,False,
1000000000000001760,False,
1000000000000001761,False,
1000000000000001762,False,
1000000000000001763,False,
1000000000000001764,False,
1000000000000001765,False,
1000000000000001766,False,
1000000000000001767,False,
1000000000000001768,False,
1000000000000001769,False,
1000000000000001770,False,
1000000000000001771,False,
1000000000000001772,False,
1000000000000001773,False,
1000000000000001774,False,
1000000000000001775,False,
1000000000000001776,False,
1000000000000001777,False,
1000000000000001778,False,
1000000000000001779,False,
1000000000000001780,False,
1000000000000001781,False,
1000000000000001782,False,
1000000000000001783,False,
1000000000000001784,False,
1000000000000001785,False,
1000000000000001786,False,
1000000000000001787,False,
1000000000000001788,False,
1000000000000001789,False,
1000000000000001790,False,
1000000000000001791,False,
1000000000000001792,False,
1000000000000001793,False,
1000000000000001794,False,
1000000000000001795,False,
1000000000000001796,False,
1000000000000001797,False,
1000000000000001798,False,
1000000000000001799,False,
1000000000000001800,False,
1000000000000001801,False,
1000000000000001802,False,
1000000000000001803,False,
1000000000000001804,False,
1000000000000001805,False,
1000000000000001806,False,
1000000000000001807,False,
1000000000000001808,False,
1000000000000001809,False,
1000000000000001810,False,
1000000000000001811,False,
1000000000000001812,False,
1000000000000001813,False,
1000000000000001814,False,
1000000000000001815,False,
1000000000000001816,False,
1000000000000001817,False,
1000000000000001818,False,
1000000000000001819,False,
1000000000000001820,False,
1000000000000001821,False,
1000000000000001822,False,
1000000000000001823,False,
1000000000000001824,False,
1000000000000001825,False,
1000000000000001826,False,
1000000000000001827,False,
1000000000000001828,False,
1000000000000001829,False,
1000000000000001830,False,
1000000000000001831,False,
1000000000000001832,False,
1000000000000001833,False,
1000000000000001834,False,
1000000000000001835,False,
1000000000000001836,False,
1000000000000001837,False,
1000000000000001838,False,
1000000000000001839,False,
1000000000000001840,False,
1000000000000001841,False,
1000000000000001842,False,
1000000000000001843,False,
1000000000000001844,False,
1000000000000001845,False,
1000000000000001846,False,
1000000000000001847,False,
1000000000000001848,False,
1000000000000001849,False,
1000000000000001850,False,
1000000000000001851,False,
1000000000000001852,False,
1000000000000001853,False,
1000000000000001854,False,
1000000000000001855,False,
1000000000000001856,False,
1000000000000001857,False,
1000000000000001858,False,
1000000000000001859,False,
1000000000000001860,False,
1000000000000001861,False,
1000000000000001862,False,
1000000000000001863,False,
1000000000000001864,False,
1000000000000001865,False,
1000000000000001866,False,
1000000000000001867,False,
1000000000000001868,False,
1000000000000001869,False,
1000000000000001870,False,
1000000000000001871,False,
1000000000000001872,False,
1000000000000001873,False,
1000000000000001874,False,
1000000000000001875,False,
1000000000000001876,False,
1000000000000001877,False,
1000000000000001878,False,
1000000000000001879,False,
1000000000000001880,False,
1000000000000001881,False,
1000000000000001882,False,
1000000000000001883,False,
1000000000000001884,False,
1000000000000001885,False,
1000000000000001886,False,
1000000000000001887,False,
1000000000000001888,False,
1000000000000001889,False,
1000000000000001890,False,
1000000000000001891,False,
1000000000000001892,False,
1000000000000001893,False,
1000000000000001894,False,
1000000000000001895,False,
1000000000000001896,False,
1000000000000001897,False,
1000000000000001898,False,
1000000000000001899,False,
1000000000000001900,False,
1000000000000001901,False,
1000000000000001902,False,
1000000000000001903,False,
1000000000000001904,False,
1000000000000001905,False,
1000000000000001906,False,
1000000000000001907,False,
1000000000000001908,False,
1000000000000001909,False,
1000000000000001910,False,
1000000000000001911,False,
1000000000000001912,False,
1000000000000001913,False,
1000000000000001914,False,
1000000000000001915,False,
1000000000000001916,False,
1000000000000001917,False,
1000000000000001918,False,
1000000000000001919,False,
1000000000000001920,False,
1000000000000001921,False,
1000000000000001922,False,
1000000000000001923,False,
1000000000000001924,False,
1000000000000001925,False,
1000000000000001926,False,
1000000000000001927,False,
1000000000000001928,False,
1000000000000001929,False,
1000000000000001930,False,
1000000000000001931,False,
1000000000000001932,False,
1000000000000001933,False,
1000000000000001934,False,
1000000000000001935,False,
1000000000000001936,False,
1000000000000001937,False,
1000000000000001938,False,
1000000000000001939,False,
1000000000000001940,False,
1000000000000001941,False,
1000000000000001942,False,
1000000000000001943,False,
1000000000000001944,False,
1000000000000001945,False,
1000000000000001946,False,
1000000000000001947,False,
1000000000000001948,False,
1000000000000001949,False,
1000000000000001950,False,
1000000000000001951,False,
1000000000000001952,False,
1000000000000001953,False,
1000000000000001954,False,
1000000000000001955,False,
1000000000000001956,False,
1000000000000001957,False,
1000000000000001958,False,
1000000000000001959,False,
1000000000000001960,False,
1000000000000001961,False,
1000000000000001962,False,
1000000000000001963,False,
1000000000000001964,False,
1000000000000001965,False,
1000000000000001966,False,
1000000000000001967,False,
1000000000000001968,False,
1000000000000001969,False,
1000000000000001970,False,
1000000000000001971,False,
1000000000000001972,False,
1000000000000001973,False,
1000000000000001974,False,
1000000000000001975,False,
1000000000000001976,False,
1000000000000001977,False,
1000000000000001978,False,
1000000000000001979,False,
1000000000000001980,False,
1000000000000001981,False,
1000000000000001982,False,
1000000000000001983,False,
1000000000000001984,False,
1000000000000001985,False,
1000000000000001986,False,
1000000000000001987,False,
1000000000000001988,False,
1000000000000001989,False,
1000000000000001990,False,
1000000000000001991,False,
1000000000000001992,False,
1000000000000001993,False,
1000000000000001994,False,
1000000000000001995,False,
1000000000000001996,False,
1000000000000001997,False,
1000000000000001998,False,
1000000000000001999,False,
1000000000000002000,False,
1000000000000002001,False,
1000000000000002002,False,
1000000000000002003,False,
1000000000000002004,False,
1000000000000002005,False,
1000000000000002006,False,
1000000000000002007,False,
1000000000000002008,False,
1000000000000002009,False,
1000000000000002010,False,
1000000000000002011,False,
1000000000000002012,False,
1000000000000002013,False,
1000000000000002014,False,
1000000000000002015,False,
1000000000000002016,False,
1000000000000002017,False,
1000000000000002018,False,
1000000000000002019,False,
1000000000000002020,False,
1000000000000002021,False,
1000000000000002022,False,
1000000000000002023,False,
1000000000000002024,False,
1000000000000002025,False,
1000000000000002026,False,
1000000000000002027,False,
1000000000000002028,False,
1000000000000002029,False,
1000000000000002030,False,
1000000000000002031,False,
1000000000000002032,False,
1000000000000002033,False,
1000000000000002034,False,
1000000000000002035,False,
1000000000000002036,False,
1000000000000002037,False,
1000000000000002038,False,
1000000000000002039,False,
1000000000000002040,False,
1000000000000002041,False,
1000000000000002042,False,
1000000000000002043,False,
1000000000000002044,False,
1000000000000002045,False,
1000000000000002046,False,
1000000000000002047,False,
1000000000000002048,False,
1000000000000002049,False,
1000000000000002050,False,
1000000000000002051,False,
1000000000000002052,False,
1000000000000002053,False,
1000000000000002054,False,
1000000000000002055,False,
1000000000000002056,False,
1000000000000002057,False,
1000000000000002058,False,
1000000000000002059,False,
1000000000000002060,False,
1000000000000002061,False,
1000000000000002062,False,
1000000000000002063,False,
1000000000000002064,False,
1000000000000002065,False,
1000000000000002066,False,
1000000000000002067,False,
1000000000000002068,False,
1000000000000002069,False,
1000000000000002070,False,
1000000000000002071,False,
1000000000000002072,False,
1000000000000002073,False,
1000000000000002074,False,
1000000000000002075,False,
1000000000000002076,False,
1000000000000002077,False,
1000000000000002078,False,
1000000000000002079,False,
1000000000000002080,False,
1000000000000002081,False,
1000000000000002082,False,
1000000000000002083,False,
1000000000000002084,False,
1000000000000002085,False,
1000000000000002086,False,
1000000000000002087,False,
1000000000000002088,False,
1000000000000002089,False,
1000000000000002090,False,
1000000000000002091,False,
1000000000000002092,False,
1000000000000002093,False,
1000000000000002094,False,
1000000000000002095,False,
1000000000000002096,False,
1000000000000002097,False,
1000000000000002098,False,
1000000000000002099,False,
1000000000000002100,False,
1000000000000002101,False,
1000000000000002102,False,
1000000000000002103,False,
1000000000000002104,False,
1000000000000002105,False,
1000000000000002106,False,
1000000000000002107,False,
1000000000000002108,False,
1000000000000002109,False,
1000000000000002110,False,
1000000000000002111,False,
1000000000000002112,False,
1000000000000002113,False,
1000000000000002114,False,
1000000000000002115,False,
1000000000000002116,False,
1000000000000002117,False,
1000000000000002118,False,
1000000000000002119,False,
1000000000000002120,False,
1000000000000002121,False,
1000000000000002122,False,
1000000000000002123,False,
1000000000000002124,False,
1000000000000002125,False,
1000000000000002126,False,
1000000000000002127,False,
1000000000000002128,False,
1000000000000002129,False,
1000000000000002130,False,
1000000000000002131,False,
1000000000000002132,False,
1000000000000002133,False,
1000000000000002134,False,
1000000000000002135,False,
1000000000000002136,False,
1000000000000002137,False,
1000000000000002138,False,
1000000000000002139,False,
1000000000000002140,False,
1000000000000002141,False,
1000000000000002142,False,
1000000000000002143,False,
1000000000000002144,False,
1000000000000002145,False,
1000000000000002146,False,
1000000000000002147,False,
1000000000000002148,False,
1000000000000002149,False,
1000000000000002150,False,
1000000000000002151,False,
1000000000000002152,False,
1000000000000002153,False,
1000000000000002154,False,
1000000000000002155,False,
1000000000000002156,False,
1000000000000002157,False,
1000000000000002158,False,
1000000000000002159,False,
1000000000000002160,False,
1000000000000002161,False,
1000000000000002162,False,
1000000000000002163,False,
1000000000000002164,False,
1000000000000002165,False,
1000000000000002166,False,
1000000000000002167,False,
1000000000000002168,False,
1000000000000002169,False,
1000000000000002170,False,
1000000000000002171,False,
1000000000000002172,False,
1000000000000002173,False,
1000000000000002174,False,
1000000000000002175,False,
1000000000000002176,False,
1000000000000002177,False,
1000000000000002178,False,
1000000000000002179,False,
1000000000000002180,False,
1000000000000002181,False,
1000000000000002182,False,
1000000000000002183,False,
1000000000000002184,False,
1000000000000002185,False,
1000000000000002186,False,
1000000000000002187,False,
1000000000000002188,False,
1000000000000002189,False,
1000000000000002190,False,
1000000000000002191,False,
1000000000000002192,False,
1000000000000002193,False,
1000000000000002194,False,
1000000000000002195,False,
1000000000000002196,False,
1000000000000002197,False,
1000000000000002198,False,
1000000000000002199,False,
1000000000000002200,False,
1000000000000002201,False,
1000000000000002202,False,
1000000000000002203,False,
1000000000000002204,False,
1000000000000002205,False,
1000000000000002206,False,
1000000000000002207,False,
1000000000000002208,False,
1000000000000002209,False,
1000000000000002210,False,
1000000000000002211,False,
1000000000000002212,False,
1000000000000002213,False,
1000000000000002214,False,
1000000000000002215,False,
1000000000000002216,False,
1000000000000002217,False,
1000000000000002218,False,
1000000000000002219,False,
1000000000000002220,False,
1000000000000002221,False,
1000000000000002222,False,
1000000000000002223,False,
1000000000000002224,False,
1000000000000002225,False,
1000000000000002226,False,
1000000000000002227,False,
1000000000000002228,False,
1000000000000002229,False,
1000000000000002230,False,
1000000000000002231,False,
1000000000000002232,False,
1000000000000002233,False,
1000000000000002234,False,
1000000000000002235,False,
1000000000000002236,False,
1000000000000002237,False,
1000000000000002238,False,
1000000000000002239,False,
1000000000000002240,False,
1000000000000002241,False,
1000000000000002242,False,
1000000000000002243,False,
1000000000000002244,False,
1000000000000002245,False,
1000000000000002246,False,
1000000000000002247,False,
1000000000000002248,False,
1000000000000002249,False,
1000000000000002250,False,
1000000000000002251,False,
1000000000000002252,False,
1000000000000002253,False,
1000000000000002254,False,
1000000000000002255,False,
1000000000000002256,False,
1000000000000002257,False,
1000000000000002258,False,
1000000000000002259,False,
1000000000000002260,False,
1000000000000002261,False,
1000000000000002262,False,
1000000000000002263,False,
1000000000000002264,False,
1000000000000002265,False,
1000000000000002266,False,
1000000000000002267,False,
1000000000000002268,False,
1000000000000002269,False,
1000000000000002270,False,
1000000000000002271,False,
1000000000000002272,False,
1000000000000002273,False,
1000000000000002274,False,
1000000000000002275,False,
1000000000000002276,False,
1000000000000002277,False,
1000000000000002278,False,
1000000000000002279,False,
1000000000000002280,False,
1000000000000002281,False,
1000000000000002282,False,
1000000000000002283,False,
1000000000000002284,False,
1000000000000002285,False,
1000000000000002286,False,
1000000000000002287,False,
1000000000000002288,False,
1000000000000002289,False,
1000000000000002290,False,
1000000000000002291,False,
1000000000000002292,False,
1000000000000002293,False,
1000000000000002294,False,
1000000000000002295,False,
1000000000000002296,False,
1000000000000002297,False,
1000000000000002298,False,
1000000000000002299,False,
1000000000000002300,False,
1000000000000002301,False,
1000000000000002302,False,
1000000000000002303,False,
1000000000000002304,False,
1000000000000002305,False,
1000000000000002306,False,
1000000000000002307,False,
1000000000000002308,False,
1000000000000002309,False,
1000000000000002310,False,
1000000000000002311,False,
1000000000000002312,False,
1000000000000002313,False,
1000000000000002314,False,
1000000000000002315,False,
1000000000000002316,False,
1000000000000002317,False,
1000000000000002318,False,
1000000000000002319,False,
1000000000000002320,False,
1000000000000002321,False,
1000000000000002322,False,
1000000000000002323,False,
1000000000000002324,False,
1000000000000002325,False,
1000000000000002326,False,
1000000000000002327,False,
1000000000000002328,False,
1000000000000002329,False,
1000000000000002330,False,
1000000000000002331,False,
1000000000000002332,False,
1000000000000002333,False,
1000000000000002334,False,
1000000000000002335,False,
1000000000000002336,False,
1000000000000002337,False,
1000000000000002338,False,
1000000000000002339,False,
1000000000000002340,False,
1000000000000002341,False,
1000000000000002342,False,
1000000000000002343,False,
1000000000000002344,False,
1000000000000002345,False,
1000000000000002346,False,
1000000000000002347,False,
1000000000000002348,False,
1000000000000002349,False,
1000000000000002350,False,
1000000000000002351,False,
1000000000000002352,False,
1000000000000002353,False,
1000000000000002354,False,
1000000000000002355,False,
1000000000000002356,False,
1000000000000002357,False,
1000000000000002358,False,
1000000000000002359,False,
1000000000000002360,False,
1000000000000002361,False,
1000000000000002362,False,
1000000000000002363,False,
1000000000000002364,False,
1000000000000002365,False,
1000000000000002366,False,
1000000000000002367,False,
1000000000000002368,False,
1000000000000002369,False,
1000000000000002370,False,
1000000000000002371,False,
1000000000000002372,False,
1000000000000002373,False,
1000000000000002374,False,
1000000000000002375,False,
1000000000000002376,False,
1000000000000002377,False,
1000000000000002378,False,
1000000000000002379,False,
1000000000000002380,False,
1000000000000002381,False,
1000000000000002382,False,
1000000000000002383,False,
1000000000000002384,False,
1000000000000002385,False,
1000000000000002386,False,
1000000000000002387,False,
1000000000000002388,False,
1000000000000002389,False,
1000000000000002390,False,
1000000000000002391,False,
1000000000000002392,False,
1000000000000002393,False,
1000000000000002394,False,
1000000000000002395,False,
1000000000000002396,False,
1000000000000002397,False,
1000000000000002398,False,
1000000000000002399,False,
1000000000000002400,False,
1000000000000002401,False,
1000000000000002402,False,
1000000000000002403,False,
1000000000000002404,False,
1000000000000002405,False,
1000000000000002406,False,
1000000000000002407,False,
1000000000000002408,False,
1000000000000002409,False,
1000000000000002410,False,
1000000000000002411,False,
1000000000000002412,False,
1000000000000002413,False,
1000000000000002414,False,
1000000000000002415,False,
1000000000000002416,False,
1000000000000002417,False,
1000000000000002418,False,
1000000000000002419,False,
1000000000000002420,False,
1000000000000002421,False,
1000000000000002422,False,
1000000000000002423,False,
1000000000000002424,False,
1000000000000002425,False,
1000000000000002426,False,
1000000000000002427,False,
1000000000000002428,False,
1000000000000002429,False,
1000000000000002430,False,
1000000000000002431,False,
1000000000000002432,False,
1000000000000002433,False,
1000000000000002434,False,
1000000000000002435,False,
1000000000000002436,False,
1000000000000002437,False,
1000000000000002438,False,
1000000000000002439,False,
1000000000000002440,False,
1000000000000002441,False,
1000000000000002442,False,
1000000000000002443,False,
1000000000000002444,False,
1000000000000002445,False,
1000000000000002446,False,
1000000000000002447,False,
1000000000000002448,False,
1000000000000002449,False,
1000000000000002450,False,
1000000000000002451,False,
1000000000000002452,False,
1000000000000002453,False,
1000000000000002454,False,
1000000000000002455,False,
1000000000000002456,False,
1000000000000002457,False,
1000000000000002458,False,
1000000000000002459,False,
1000000000000002460,False,
1000000000000002461,False,
1000000000000002462,False,
1000000000000002463,False,
1000000000000002464,False,
1000000000000002465,False,
1000000000000002466,False,
1000000000000002467,False,
1000000000000002468,False,
1000000000000002469,False,
1000000000000002470,False,
1000000000000002471,False,
1000000000000002472,False,
1000000000000002473,False,
1000000000000002474,False,
1000000000000002475,False,
1000000000000002476,False,
1000000000000002477,False,
1000000000000002478,False,
1000000000000002479,False,
1000000000000002480,False,
1000000000000002481,False,
1000000000000002482,False,
1000000000000002483,False,
1000000000000002484,False,
1000000000000002485,False,
1000000000000002486,False,
1000000000000002487,False,
1000000000000002488,False,
1000000000000002489,False,
1000000000000002490,False,
1000000000000002491,False,
1000000000000002492,False,
1000000000000002493,False,
1000000000000002494,False,
1000000000000002495,False,
1000000000000002496,False,
1000000000000002497,False,
1000000000000002498,False,
1000000000000002499,False,
1000000000000002500,False,
1000000000000002501,False,
1000000000000002502,False,
1000000000000002503,False,
1000000000000002504,False,
1000000000000002505,False,
1000000000000002506,False,
1000000000000002507,False,
1000000000000002508,False,
1000000000000002509,False,
1000000000000002510,False,
1000000000000002511,False,
1000000000000002512,False,
1000000000000002513,False,
1000000000000002514,False,
1000000000000002515,False,
1000000000000002516,False,
1000000000000002517,False,
1000000000000002518,False,
1000000000000002519,False,
1000000000000002520,False,
1000000000000002521,False,
1000000000000002522,False,
1000000000000002523,False,
1000000000000002524,False,
1000000000000002525,False,
1000000000000002526,False,
1000000000000002527,False,
1000000000000002528,False,
1000000000000002529,False,
1000000000000002530,False,
1000000000000002531,False,
1000000000000002532,False,
1000000000000002533,False,
1000000000000002534,False,
1000000000000002535,False,
1000000000000002536,False,
1000000000000002537,False,
1000000000000002538,False,
1000000000000002539,False,
1000000000000002540,False,
1000000000000002541,False,
1000000000000002542,False,
1000000000000002543,False,
1000000000000002544,False,
1000000000000002545,False,
1000000000000002546,False,
1000000000000002547,False,
1000000000000002548,False,
1000000000000002549,False,
1000000000000002550,False,
1000000000000002551,False,
1000000000000002552,False,
1000000000000002553,False,
1000000000000002554,False,
1000000000000002555,False,
1000000000000002556,False,
1000000000000002557,False,
1000000000000002558,False,
1000000000000002559,False,
1000000000000002560,False,
1000000000000002561,False,
1000000000000002562,False,
1000000000000002563,False,
1000000000000002564,False,
1000000000000002565,False,
1000000000000002566,False,
1000000000000002567,False,
1000000000000002568,False,
1000000000000002569,False,
1000000000000002570,False,
1000000000000002571,False,
1000000000000002572,False,
1000000000000002573,False,
1000000000000002574,False,
1000000000000002575,False,
1000000000000002576,False,
1000000000000002577,False,
1000000000000002578,False,
1000000000000002579,False,
1000000000000002580,False,
1000000000000002581,False,
1000000000000002582,False,
1000000000000002583,False,
1000000000000002584,False,
1000000000000002585,False,
1000000000000002586,False,
1000000000000002587,False,
1000000000000002588,False,
1000000000000002589,False,
1000000000000002590,False,
1000000000000002591,False,
1000000000000002592,False,
1000000000000002593,False,
1000000000000002594,False,
1000000000000002595,False,
1000000000000002596,False,
1000000000000002597,False,
1000000000000002598,False,
1000000000000002599,False,
1000000000000002600,False,
1000000000000002601,False,
1000000000000002602,False,
1000000000000002603,False,
1000000000000002604,False,
1000000000000002605,False,
1000000000000002606,False,
1000000000000002607,False,
1000000000000002608,False,
1000000000000002609,False,
1000000000000002610,False,
1000000000000002611,False,
1000000000000002612,False,
1000000000000002613,False,
1000000000000002614,False,
1000000000000002615,False,
1000000000000002616,False,
1000000000000002617,False,
1000000000000002618,False,
1000000000000002619,False,
1000000000000002620,False,
1000000000000002621,False,
1000000000000002622,False,
1000000000000002623,False,
1000000000000002624,False,
1000000000000002625,False,
1000000000000002626,False,
1000000000000002627,False,
1000000000000002628,False,
1000000000000002629,False,
1000000000000002630,False,
1000000000000002631,False,
1000000000000002632,False,
1000000000000002633,False,
1000000000000002634,False,
1000000000000002635,False,
1000000000000002636,False,
1000000000000002637,False,
1000000000000002638,False,
1000000000000002639,False,
1000000000000002640,False,
1000000000000002641,False,
1000000000000002642,False,
1000000000000002643,False,
1000000000000002644,False,
1000000000000002645,False,
1000000000000002646,False,
1000000000000002647,False,
1000000000000002648,False,
1000000000000002649,False,
1000000000000002650,False,
1000000000000002651,False,
1000000000000002652,False,
1000000000000002653,False,
1000000000000002654,False,
1000000000000002655,False,
1000000000000002656,False,
1000000000000002657,False,
1000000000000002658,False,
1000000000000002659,False,
1000000000000002660,False,
1000000000000002661,False,
1000000000000002662,False,
1000000000000002663,False,
1000000000000002664,False,
1000000000000002665,False,
1000000000000002666,False,
1000000000000002667,False,
1000000000000002668,False,
1000000000000002669,False,
1000000000000002670,False,
1000000000000002671,False,
1000000000000002672,False,
1000000000000002673,False,
1000000000000002674,False,
1000000000000002675,False,
1000000000000002676,False,
1000000000000002677,False,
1000000000000002678,False,
1000000000000002679,False,
1000000000000002680,False,
1000000000000002681,False,
1000000000000002682,False,
1000000000000002683,False,
1000000000000002684,False,
1000000000000002685,False,
1000000000000002686,False,
1000000000000002687,False,
1000000000000002688,False,
1000000000000002689,False,
1000000000000002690,False,
1000000000000002691,False,
1000000000000002692,False,
1000000000000002693,False,
1000000000000002694,False,
1000000000000002695,False,
1000000000000002696,False,
1000000000000002697,False,
1000000000000002698,False,
1000000000000002699,False,
1000000000000002700,False,
1000000000000002701,False,
1000000000000002702,False,
1000000000000002703,False,
1000000000000002704,False,
1000000000000002705,False,
1000000000000002706,False,
1000000000000002707,False,
1000000000000002708,False,
1000000000000002709,False,
1000000000000002710,False,
1000000000000002711,False,
1000000000000002712,False,
1000000000000002713,False,
1000000000000002714,False,
1000000000000002715,False,
1000000000000002716,False,
1000000000000002717,False,
1000000000000002718,False,
1000000000000002719,False,
1000000000000002720,False,
1000000000000002721,False,
1000000000000002722,False,
1000000000000002723,False,
1000000000000002724,False,
1000000000000002725,False,
1000000000000002726,False,
1000000000000002727,False,
1000000000000002728,False,
1000000000000002729,False,
1000000000000002730,False,
1000000000000002731,False,
1000000000000002732,False,
1000000000000002733,False,
1000000000000002734,False,
1000000000000002735,False,
1000000000000002736,False,
1000000000000002737,False,
1000000000000002738,False,
1000000000000002739,False,
1000000000000002740,False,
1000000000000002741,False,
1000000000000002742,False,
1000000000000002743,False,
1000000000000002744,False,
1000000000000002745,False,
1000000000000002746,False,
1000000000000002747,False,
1000000000000002748,False,
1000000000000002749,False,
1000000000000002750,False,
1000000000000002751,False,
1000000000000002752,False,
1000000000000002753,False,
1000000000000002754,False,
1000000000000002755,False,
1000000000000002756,False,
1000000000000002757,False,
1000000000000002758,False,
1000000000000002759,False,
1000000000000002760,False,
1000000000000002761,False,
1000000000000002762,False,
1000000000000002763,False,
1000000000000002764,False,
1000000000000002765,False,
1000000000000002766,False,
1000000000000002767,False,
1000000000000002768,False,
1000000000000002769,False,
1000000000000002770,False,
1000000000000002771,False,
1000000000000002772,False,
1000000000000002773,False,
1000000000000002774,False,
1000000000000002775,False,
1000000000000002776,False,
1000000000000002777,False,
1000000000000002778,False,
1000000000000002779,False,
1000000000000002780,False,
1000000000000002781,False,
1000000000000002782,False,
1000000000000002783,False,
1000000000000002784,False,
1000000000000002785,False,
1000000000000002786,False,
1000000000000002787,False,
1000000000000002788,False,
1000000000000002789,False,
1000000000000002790,False,
1000000000000002791,False,
1000000000000002792,False,
1000000000000002793,False,
1000000000000002794,False,
1000000000000002795,False,
1000000000000002796,False,
1000000000000002797,False,
1000000000000002798,False,
1000000000000002799,False,
1000000000000002800,False,
1000000000000002801,False,
1000000000000002802,False,
1000000000000002803,False,
1000000000000002804,False,
1000000000000002805,False,
1000000000000002806,False,
1000000000000002807,False,
1000000000000002808,False,
1000000000000002809,False,
1000000000000002810,False,
1000000000000002811,False,
1000000000000002812,False,
1000000000000002813,False,
1000000000000002814,False,
1000000000000002815,False,
1000000000000002816,False,
1000000000000002817,False,
1000000000000002818,False,
1000000000000002819,False,
1000000000000002820,False,
1000000000000002821,False,
1000000000000002822,False,
1000000000000002823,False,
1000000000000002824,False,
1000000000000002825,False,
1000000000000002826,False,
1000000000000002827,False,
1000000000000002828,False,
1000000000000002829,False,
1000000000000002830,False,
1000000000000002831,False,
1000000000000002832,False,
1000000000000002833,False,
1000000000000002834,False,
1000000000000002835,False,
1000000000000002836,False,
1000000000000002837,False,
1000000000000002838,False,
1000000000000002839,False,
1000000000000002840,False,
1000000000000002841,False,
1000000000000002842,False,
1000000000000002843,False,
1000000000000002844,False,
1000000000000002845,False,
1000000000000002846,False,
1000000000000002847,False,
1000000000000002848,False,
1000000000000002849,False,
1000000000000002850,False,
1000000000000002851,False,
1000000000000002852,False,
1000000000000002853,False,
1000000000000002854,False,
1000000000000002855,False,
1000000000000002856,False,
1000000000000002857,False,
1000000000000002858,False,
1000000000000002859,False,
1000000000000002860,False,
1000000000000002861,False,
1000000000000002862,False,
1000000000000002863,False,
1000000000000002864,False,
1000000000000002865,False,
1000000000000002866,False,
1000000000000002867,False,
1000000000000002868,False,
1000000000000002869,False,
1000000000000002870,False,
1000000000000002871,False,
1000000000000002872,False,
1000000000000002873,False,
1000000000000002874,False,
1000000000000002875,False,
1000000000000002876,False,
1000000000000002877,False,
1000000000000002878,False,
1000000000000002879,False,
1000000000000002880,False,
1000000000000002881,False,
1000000000000002882,False,
1000000000000002883,False,
1000000000000002884,False,
1000000000000002885,False,
1000000000000002886,False,
1000000000000002887,False,
1000000000000002888,False,
1000000000000002889,False,
1000000000000002890,False,
1000000000000002891,False,
1000000000000002892,False,
1000000000000002893,False,
1000000000000002894,False,
1000000000000002895,False,
1000000000000002896,False,
1000000000000002897,False,
1000000000000002898,False,
1000000000000002899,False,
1000000000000002900,False,
1000000000000002901,False,
1000000000000002902,False,
1000000000000002903,False,
1000000000000002904,False,
1000000000000002905,False,
1000000000000002906,False,
1000000000000002907,False,
1000000000000002908,False,
1000000000000002909,False,
1000000000000002910,False,
1000000000000002911,False,
1000000000000002912,False,
1000000000000002913,False,
1000000000000002914,False,
1000000000000002915,False,
1000000000000002916,False,
1000000000000002917,False,
1000000000000002918,False,
1000000000000002919,False,
1000000000000002920,False,
1000000000000002921,False,
1000000000000002922,False,
1000000000000002923,False,
1000000000000002924,False,
1000000000000002925,False,
1000000000000002926,False,
1000000000000002927,False,
1000000000000002928,False,
1000000000000002929,False,
1000000000000002930,False,
1000000000000002931,False,
1000000000000002932,False,
1000000000000002933,False,
1000000000000002934,False,
1000000000000002935,False,
1000000000000002936,False,
1000000000000002937,False,
1000000000000002938,False,
1000000000000002939,False,
1000000000000002940,False,
1000000000000002941,False,
1000000000000002942,False,
1000000000000002943,False,
1000000000000002944,False,
1000000000000002945,False,
1000000000000002946,False,
1000000000000002947,False,
1000000000000002948,False,
1000000000000002949,False,
1000000000000002950,False,
1000000000000002951,False,
1000000000000002952,False,
1000000000000002953,False,
1000000000000002954,False,
1000000000000002955,False,
1000000000000002956,False,
1000000000000002957,False,
1000000000000002958,False,
1000000000000002959,False,
1000000000000002960,False,
1000000000000002961,False,
1000000000000002962,False,
1000000000000002963,False,
1000000000000002964,False,
1000000000000002965,False,
1000000000000002966,False,
1000000000000002967,False,
1000000000000002968,False,
1000000000000002969,False,
1000000000000002970,False,
1000000000000002971,False,
1000000000000002972,False,
1000000000000002973,False,
1000000000000002974,False,
1000000000000002975,False,
1000000000000002976,False,
1000000000000002977,False,
1000000000000002978,False,
1000000000000002979,False,
1000000000000002980,False,
1000000000000002981,False,
1000000000000002982,False,
1000000000000002983,False,
1000000000000002984,False,
1000000000000002985,False,
1000000000000002986,False,
1000000000000002987,False,
1000000000000002988,False,
1000000000000002989,False,
1000000000000002990,False,
1000000000000002991,False,
1000000000000002992,False,
1000000000000002993,False,
1000000000000002994,False,
1000000000000002995,False,
1000000000000002996,False,
1000000000000002997,False,
1000000000000002998,False,
1000000000000002999,False,
1000000000000003000,False,
1000000000000003001,False,
1000000000000003002,False,
1000000000000003003,False,
1000000000000003004,False,
1000000000000003005,False,
1000000000000003006,False,
1000000000000003007,False,
1000000000000003008,False,
1000000000000003009,False,
1000000000000003010,False,
1000000000000003011,False,
1000000000000003012,False,
1000000000000003013,False,
1000000000000003014,False,
1000000000000003015,False,
1000000000000003016,False,
1000000000000003017,False,
1000000000000003018,False,
1000000000000003019,False,
1000000000000003020,False,
1000000000000003021,False,
1000000000000003022,False,
1000000000000003023,False,
1000000000000003024,False,
1000000000000003025,False,
1000000000000003026,False,
1000000000000003027,False,
1000000000000003028,False,
1000000000000003029,False,
1000000000000003030,False,
1000000000000003031,False,
1000000000000003032,False,
1000000000000003033,False,
1000000000000003034,False,
1000000000000003035,False,
1000000000000003036,False,
1000000000000003037,False,
1000000000000003038,False,
1000000000000003039,False,
1000000000000003040,False,
1000000000000003041,False,
1000000000000003042,False,
1000000000000003043,False,
1000000000000003044,False,
1000000000000003045,False,
1000000000000003046,False,
1000000000000003047,False,
1000000000000003048,False,
1000000000000003049,False,
1000000000000003050,False,
1000000000000003051,False,
1000000000000003052,False,
1000000000000003053,False,
1000000000000003054,False,
1000000000000003055,False,
1000000000000003056,False,
1000000000000003057,False,
1000000000000003058,False,
1000000000000003059,False,
1000000000000003060,False,
1000000000000003061,False,
1000000000000003062,False,
1000000000000003063,False,
1000000000000003064,False,
1000000000000003065,False,
1000000000000003066,False,
1000000000000003067,False,
1000000000000003068,False,
1000000000000003069,False,
1000000000000003070,False,
1000000000000003071,False,
1000000000000003072,False,
1000000000000003073,False,
1000000000000003074,False,
1000000000000003075,False,
1000000000000003076,False,
1000000000000003077,False,
1000000000000003078,False,
1000000000000003079,False,
1000000000000003080,False,
1000000000000003081,False,
1000000000000003082,False,
1000000000000003083,False,
1000000000000003084,False,
1000000000000003085,False,
1000000000000003086,False,
1000000000000003087,False,
1000000000000003088,False,
1000000000000003089,False,
1000000000000003090,False,
1000000000000003091,False,
1000000000000003092,False,
1000000000000003093,False,
1000000000000003094,False,
1000000000000003095,False,
1000000000000003096,False,
1000000000000003097,False,
1000000000000003098,False,
1000000000000003099,False,
1000000000000003100,False,
1000000000000003101,False,
1000000000000003102,False,
1000000000000003103,False,
1000000000000003104,False,
1000000000000003105,False,
1000000000000003106,False,
1000000000000003107,False,
1000000000000003108,False,
1000000000000003109,False,
1000000000000003110,False,
1000000000000003111,False,
1000000000000003112,False,
1000000000000003113,False,
1000000000000003114,False,
1000000000000003115,False,
1000000000000003116,False,
1000000000000003117,False,
1000000000000003118,False,
1000000000000003119,False,
1000000000000003120,False,
1000000000000003121,False,
1000000000000003122,False,
1000000000000003123,False,
1000000000000003124,False,
1000000000000003125,False,
1000000000000003126,False,
1000000000000003127,False,
1000000000000003128,False,
1000000000000003129,False,
1000000000000003130,False,
1000000000000003131,False,
1000000000000003132,False,
1000000000000003133,False,
1000000000000003134,False,
1000000000000003135,False,
1000000000000003136,False,
1000000000000003137,False,
1000000000000003138,False,
1000000000000003139,False,
1000000000000003140,False,
1000000000000003141,False,
1000000000000003142,False,
1000000000000003143,False,
1000000000000003144,False,
1000000000000003145,False,
1000000000000003146,False,
1000000000000003147,False,
1000000000000003148,False,
1000000000000003149,False,
1000000000000003150,False,
1000000000000003151,False,
1000000000000003152,False,
1000000000000003153,False,
1000000000000003154,False,
1000000000000003155,False,
1000000000000003156,False,
1000000000000003157,False,
1000000000000003158,False,
1000000000000003159,False,
1000000000000003160,False,
1000000000000003161,False,
1000000000000003162,False,
1000000000000003163,False,
1000000000000003164,False,
1000000000000003165,False,
1000000000000003166,False,
1000000000000003167,False,
1000000000000003168,False,
1000000000000003169,False,
1000000000000003170,False,
1000000000000003171,False,
1000000000000003172,False,
1000000000000003173,False,
1000000000000003174,False,
1000000000000003175,False,
1000000000000003176,False,
1000000000000003177,False,
1000000000000003178,False,
1000000000000003179,False,
1000000000000003180,False,
1000000000000003181,False,
1000000000000003182,False,
1000000000000003183,False,
1000000000000003184,False,
1000000000000003185,False,
1000000000000003186,False,
1000000000000003187,False,
1000000000000003188,False,
1000000000000003189,False,
1000000000000003190,False,
1000000000000003191,False,
1000000000000003192,False,
1000000000000003193,False,
1000000000000003194,False,
1000000000000003195,False,
1000000000000003196,False,
1000000000000003197,False,
1000000000000003198,False,
1000000000000003199,False,
1000000000000003200,False,
1000000000000003201,False,
1000000000000003202,False,
1000000000000003203,False,
1000000000000003204,False,
1000000000000003205,False,
1000000000000003206,False,
1000000000000003207,False,
1000000000000003208,False,
1000000000000003209,False,
1000000000000003210,False,
1000000000000003211,False,
1000000000000003212,False,
1000000000000003213,False,
1000000000000003214,False,
1000000000000003215,False,
1000000000000003216,False,
1000000000000003217,False,
1000000000000003218,False,
1000000000000003219,False,
1000000000000003220,False,
1000000000000003221,False,
1000000000000003222,False,
1000000000000003223,False,
1000000000000003224,False,
1000000000000003225,False,
1000000000000003226,False,
1000000000000003227,False,
1000000000000003228,False,
1000000000000003229,False,
1000000000000003230,False,
1000000000000003231,False,
1000000000000003232,False,
1000000000000003233,False,
1000000000000003234,False,
1000000000000003235,False,
1000000000000003236,False,
1000000000000003237,False,
1000000000000003238,False,
1000000000000003239,False,
1000000000000003240,False,
1000000000000003241,False,
1000000000000003242,False,
1000000000000003243,False,
1000000000000003244,False,
1000000000000003245,False,
1000000000000003246,False,
1000000000000003247,False,
1000000000000003248,False,
1000000000000003249,False,
1000000000000003250,False,
1000000000000003251,False,
1000000000000003252,False,
1000000000000003253,False,
1000000000000003254,False,
1000000000000003255,False,
1000000000000003256,False,
1000000000000003257,False,
1000000000000003258,False,
1000000000000003259,False,
1000000000000003260,False,
1000000000000003261,False,
1000000000000003262,False,
1000000000000003263,False,
1000000000000003264,False,
1000000000000003265,False,
1000000000000003266,False,
1000000000000003267,False,
1000000000000003268,False,
1000000000000003269,False,
1000000000000003270,False,
1000000000000003271,False,
1000000000000003272,False,
1000000000000003273,False,
1000000000000003274,False,
1000000000000003275,False,
1000000000000003276,False,
1000000000000003277,False,
1000000000000003278,False,
1000000000000003279,False,
1000000000000003280,False,
1000000000000003281,False,
1000000000000003282,False,
1000000000000003283,False,
1000000000000003284,False,
1000000000000003285,False,
1000000000000003286,False,
1000000000000003287,False,
1000000000000003288,False,
1000000000000003289,False,
1000000000000003290,False,
1000000000000003291,False,
1000000000000003292,False,
1000000000000003293,False,
1000000000000003294,False,
1000000000000003295,False,
1000000000000003296,False,
1000000000000003297,False,
1000000000000003298,False,
1000000000000003299,False,
1000000000000003300,False,
1000000000000003301,False,
1000000000000003302,False,
1000000000000003303,False,
1000000000000003304,False,
1000000000000003305,False,
1000000000000003306,False,
1000000000000003307,False,
1000000000000003308,False,
1000000000000003309,False,
1000000000000003310,False,
1000000000000003311,False,
1000000000000003312,False,
1000000000000003313,False,
1000000000000003314,False,
1000000000000003315,False,
1000000000000003316,False,
1000000000000003317,False,
1000000000000003318,False,
1000000000000003319,False,
1000000000000003320,False,
1000000000000003321,False,
1000000000000003322,False,
1000000000000003323,False,
1000000000000003324,False,
1000000000000003325,False,
1000000000000003326,False,
1000000000000003327,False,
1000000000000003328,False,
1000000000000003329,False,
1000000000000003330,False,
1000000000000003331,False,
1000000000000003332,False,
1000000000000003333,False,
1000000000000003334,False,
1000000000000003335,False,
1000000000000003336,False,
1000000000000003337,False,
1000000000000003338,False,
1000000000000003339,False,
1000000000000003340,False,
1000000000000003341,False,
1000000000000003342,False,
1000000000000003343,False,
1000000000000003344,False,
1000000000000003345,False,
1000000000000003346,False,
1000000000000003347,False,
1000000000000003348,False,
1000000000000003349,False,
1000000000000003350,False,
1000000000000003351,False,
1000000000000003352,False,
1000000000000003353,False,
1000000000000003354,False,
1000000000000003355,False,
1000000000000003356,False,
1000000000000003357,False,
1000000000000003358,False,
1000000000000003359,False,
1000000000000003360,False,
1000000000000003361,False,
1000000000000003362,False,
1000000000000003363,False,
1000000000000003364,False,
1000000000000003365,False,
1000000000000003366,False,
1000000000000003367,False,
1000000000000003368,False,
1000000000000003369,False,
1000000000000003370,False,
1000000000000003371,False,
1000000000000003372,False,
1000000000000003373,False,
1000000000000003374,False,
1000000000000003375,False,
1000000000000003376,False,
1000000000000003377,False,
1000000000000003378,False,
1000000000000003379,False,
1000000000000003380,False,
1000000000000003381,False,
1000000000000003382,False,
1000000000000003383,False,
1000000000000003384,False,
1000000000000003385,False,
1000000000000003386,False,
1000000000000003387,False,
1000000000000003388,False,
1000000000000003389,False,
1000000000000003390,False,
1000000000000003391,False,
1000000000000003392,False,
1000000000000003393,False,
1000000000000003394,False,
1000000000000003395,False,
1000000000000003396,False,
1000000000000003397,False,
1000000000000003398,False,
1000000000000003399,False,
1000000000000003400,False,
1000000000000003401,False,
1000000000000003402,False,
1000000000000003403,False,
1000000000000003404,False,
1000000000000003405,False,
1000000000000003406,False,
1000000000000003407,False,
1000000000000003408,False,
1000000000000003409,False,
1000000000000003410,False,
1000000000000003411,False,
1000000000000003412,False,
1000000000000003413,False,
1000000000000003414,False,
1000000000000003415,False,
1000000000000003416,False,
1000000000000003417,False,
1000000000000003418,False,
1000000000000003419,False,
1000000000000003420,False,
1000000000000003421,False,
1000000000000003422,False,
1000000000000003423,False,
1000000000000003424,False,
1000000000000003425,False,
1000000000000003426,False,
1000000000000003427,False,
1000000000000003428,False,
1000000000000003429,False,
1000000000000003430,False,
1000000000000003431,False,
1000000000000003432,False,
1000000000000003433,False,
1000000000000003434,False,
1000000000000003435,False,
1000000000000003436,False,
1000000000000003437,False,
1000000000000003438,False,
1000000000000003439,False,
1000000000000003440,False,
1000000000000003441,False,
1000000000000003442,False,
1000000000000003443,False,
1000000000000003444,False,
1000000000000003445,False,
1000000000000003446,False,
1000000000000003447,False,
1000000000000003448,False,
1000000000000003449,False,
1000000000000003450,False,
1000000000000003451,False,
1000000000000003452,False,
1000000000000003453,False,
1000000000000003454,False,
1000000000000003455,False,
1000000000000003456,False,
1000000000000003457,False,
1000000000000003458,False,
1000000000000003459,False,
1000000000000003460,False,
1000000000000003461,False,
1000000000000003462,False,
1000000000000003463,False,
1000000000000003464,False,
1000000000000003465,False,
1000000000000003466,False,
1000000000000003467,False,
1000000000000003468,False,
1000000000000003469,False,
1000000000000003470,False,
1000000000000003471,False,
1000000000000003472,False,
1000000000000003473,False,
1000000000000003474,False,
1000000000000003475,False,
1000000000000003476,False,
1000000000000003477,False,
1000000000000003478,False,
1000000000000003479,False,
1000000000000003480,False,
1000000000000003481,False,
1000000000000003482,False,
1000000000000003483,False,
1000000000000003484,False,
1000000000000003485,False,
1000000000000003486,False,
1000000000000003487,False,
1000000000000003488,False,
1000000000000003489,False,
1000000000000003490,False,
1000000000000003491,False,
1000000000000003492,False,
1000000000000003493,False,
1000000000000003494,False,
1000000000000003495,False,
1000000000000003496,False,
1000000000000003497,False,
1000000000000003498,False,
1000000000000003499,False,
1000000000000003500,False,
1000000000000003501,False,
1000000000000003502,False,
1000000000000003503,False,
1000000000000003504,False,
1000000000000003505,False,
1000000000000003506,False,
1000000000000003507,False,
1000000000000003508,False,
1000000000000003509,False,
1000000000000003510,False,
1000000000000003511,False,
1000000000000003512,False,
1000000000000003513,False,
1000000000000003514,False,
1000000000000003515,False,
1000000000000003516,False,
1000000000000003517,False,
1000000000000003518,False,
1000000000000003519,False,
1000000000000003520,False,
1000000000000003521,False,
1000000000000003522,False,
1000000000000003523,False,
1000000000000003524,False,
1000000000000003525,False,
1000000000000003526,False,
1000000000000003527,False,
1000000000000003528,False,
1000000000000003529,False,
1000000000000003530,False,
1000000000000003531,False,
1000000000000003532,False,
1000000000000003533,False,
1000000000000003534,False,
1000000000000003535,False,
1000000000000003536,False,
1000000000000003537,False,
1000000000000003538,False,
1000000000000003539,False,
1000000000000003540,False,
1000000000000003541,False,
1000000000000003542,False,
1000000000000003543,False,
1000000000000003544,False,
1000000000000003545,False,
1000000000000003546,False,
1000000000000003547,False,
1000000000000003548,False,
1000000000000003549,False,
1000000000000003550,False,
1000000000000003551,False,
1000000000000003552,False,
1000000000000003553,False,
1000000000000003554,False,
1000000000000003555,False,
1000000000000003556,False,
1000000000000003557,False,
1000000000000003558,False,
1000000000000003559,False,
1000000000000003560,False,
1000000000000003561,False,
1000000000000003562,False,
1000000000000003563,False,
1000000000000003564,False,
1000000000000003565,False,
1000000000000003566,False,
1000000000000003567,False,
1000000000000003568,False,
1000000000000003569,False,
1000000000000003570,False,
1000000000000003571,False,
1000000000000003572,False,
1000000000000003573,False,
1000000000000003574,False,
1000000000000003575,False,
1000000000000003576,False,
1000000000000003577,False,
1000000000000003578,False,
1000000000000003579,False,
1000000000000003580,False,
1000000000000003581,False,
1000000000000003582,False,
1000000000000003583,False,
1000000000000003584,False,
1000000000000003585,False,
1000000000000003586,False,
1000000000000003587,False,
1000000000000003588,False,
1000000000000003589,False,
1000000000000003590,False,
1000000000000003591,False,
1000000000000003592,False,
1000000000000003593,False,
1000000000000003594,False,
1000000000000003595,False,
1000000000000003596,False,
1000000000000003597,False,
1000000000000003598,False,
1000000000000003599,False,
1000000000000003600,False,
1000000000000003601,False,
1000000000000003602,False,
1000000000000003603,False,
1000000000000003604,False,
1000000000000003605,False,
1000000000000003606,False,
1000000000000003607,False,
1000000000000003608,False,
1000000000000003609,False,
1000000000000003610,False,
1000000000000003611,False,
1000000000000003612,False,
1000000000000003613,False,
1000000000000003614,False,
1000000000000003615,False,
1000000000000003616,False,
1000000000000003617,False,
1000000000000003618,False,
1000000000000003619,False,
1000000000000003620,False,
1000000000000003621,False,
1000000000000003622,False,
1000000000000003623,False,
1000000000000003624,False,
1000000000000003625,False,
1000000000000003626,False,
1000000000000003627,False,
1000000000000003628,False,
1000000000000003629,False,
1000000000000003630,False,
1000000000000003631,False,
1000000000000003632,False,
1000000000000003633,False,
1000000000000003634,False,
1000000000000003635,False,
1000000000000003636,False,
1000000000000003637,False,
1000000000000003638,False,
1000000000000003639,False,
1000000000000003640,False,
1000000000000003641,False,
1000000000000003642,False,
1000000000000003643,False,
1000000000000003644,False,
1000000000000003645,False,
1000000000000003646,False,
1000000000000003647,False,
1000000000000003648,False,
1000000000000003649,False,
1000000000000003650,False,
1000000000000003651,False,
1000000000000003652,False,
1000000000000003653,False,
1000000000000003654,False,
1000000000000003655,False,
1000000000000003656,False,
1000000000000003657,False,
1000000000000003658,False,
1000000000000003659,False,
1000000000000003660,False,
1000000000000003661,False,
1000000000000003662,False,
1000000000000003663,False,
1000000000000003664,False,
1000000000000003665,False,
1000000000000003666,False,
1000000000000003667,False,
1000000000000003668,False,
1000000000000003669,False,
1000000000000003670,False,
1000000000000003671,False,
1000000000000003672,False,
1000000000000003673,False,
1000000000000003674,False,
1000000000000003675,False,
1000000000000003676,False,
1000000000000003677,False,
1000000000000003678,False,
1000000000000003679,False,
1000000000000003680,False,
1000000000000003681,False,
1000000000000003682,False,
1000000000000003683,False,
1000000000000003684,False,
1000000000000003685,False,
1000000000000003686,False,
1000000000000003687,False,
1000000000000003688,False,
1000000000000003689,False,
1000000000000003690,False,
1000000000000003691,False,
1000000000000003692,False,
1000000000000003693,False,
1000000000000003694,False,
1000000000000003695,False,
1000000000000003696,False,
1000000000000003697,False,
1000000000000003698,False,
1000000000000003699,False,
1000000000000003700,False,
1000000000000003701,False,
1000000000000003702,False,
1000000000000003703,False,
1000000000000003704,False,
1000000000000003705,False,
1000000000000003706,False,
1000000000000003707,False,
1000000000000003708,False,
1000000000000003709,False,
1000000000000003710,False,
1000000000000003711,False,
1000000000000003712,False,
1000000000000003713,False,
1000000000000003714,False,
1000000000000003715,False,
1000000000000003716,False,
1000000000000003717,False,
1000000000000003718,False,
1000000000000003719,False,
1000000000000003720,False,
1000000000000003721,False,
1000000000000003722,False,
1000000000000003723,False,
1000000000000003724,False,
1000000000000003725,False,
1000000000000003726,False,
1000000000000003727,False,
1000000000000003728,False,
1000000000000003729,False,
1000000000000003730,False,
1000000000000003731,False,
1000000000000003732,False,
1000000000000003733,False,
1000000000000003734,False,
1000000000000003735,False,
1000000000000003736,False,
1000000000000003737,False,
1000000000000003738,False,
1000000000000003739,False,
1000000000000003740,False,
1000000000000003741,False,
1000000000000003742,False,
1000000000000003743,False,
1000000000000003744,False,
1000000000000003745,False,
1000000000000003746,False,
1000000000000003747,False,
1000000000000003748,False,
1000000000000003749,False,
1000000000000003750,False,
1000000000000003751,False,
1000000000000003752,False,
1000000000000003753,False,
1000000000000003754,False,
1000000000000003755,False,
1000000000000003756,False,
1000000000000003757,False,
1000000000000003758,False,
1000000000000003759,False,
1000000000000003760,False,
1000000000000003761,False,
1000000000000003762,False,
1000000000000003763,False,
1000000000000003764,False,
1000000000000003765,False,
1000000000000003766,False,
1000000000000003767,False,
1000000000000003768,False,
1000000000000003769,False,
1000000000000003770,False,
1000000000000003771,False,
1000000000000003772,False,
1000000000000003773,False,
1000000000000003774,False,
1000000000000003775,False,
1000000000000003776,False,
1000000000000003777,False,
1000000000000003778,False,
1000000000000003779,False,
1000000000000003780,False,
1000000000000003781,False,
1000000000000003782,False,
1000000000000003783,False,
1000000000000003784,False,
1000000000000003785,False,
1000000000000003786,False,
1000000000000003787,False,
1000000000000003788,False,
1000000000000003789,False,
1000000000000003790,False,
1000000000000003791,False,
1000000000000003792,False,
1000000000000003793,False,
1000000000000003794,False,
1000000000000003795,False,
1000000000000003796,False,
1000000000000003797,False,
1000000000000003798,False,
1000000000000003799,False,
1000000000000003800,False,
1000000000000003801,False,
1000000000000003802,False,
1000000000000003803,False,
1000000000000003804,False,
1000000000000003805,False,
1000000000000003806,False,
1000000000000003807,False,
1000000000000003808,False,
1000000000000003809,False,
1000000000000003810,False,
1000000000000003811,False,
1000000000000003812,False,
1000000000000003813,False,
1000000000000003814,False,
1000000000000003815,False,
1000000000000003816,False,
1000000000000003817,False,
1000000000000003818,False,
1000000000000003819,False,
1000000000000003820,False,
1000000000000003821,False,
1000000000000003822,False,
1000000000000003823,False,
1000000000000003824,False,
1000000000000003825,False,
1000000000000003826,False,
1000000000000003827,False,
1000000000000003828,False,
1000000000000003829,False,
1000000000000003830,False,
1000000000000003831,False,
1000000000000003832,False,
1000000000000003833,False,
1000000000000003834,False,
1000000000000003835,False,
1000000000000003836,False,
1000000000000003837,False,
1000000000000003838,False,
1000000000000003839,False,
1000000000000003840,False,
1000000000000003841,False,
1000000000000003842,False,
1000000000000003843,False,
1000000000000003844,False,
1000000000000003845,False,
1000000000000003846,False,
1000000000000003847,False,
1000000000000003848,False,
1000000000000003849,False,
1000000000000003850,False,
1000000000000003851,False,
1000000000000003852,False,
1000000000000003853,False,
1000000000000003854,False,
1000000000000003855,False,
1000000000000003856,False,
1000000000000003857,False,
1000000000000003858,False,
1000000000000003859,False,
1000000000000003860,False,
1000000000000003861,False,
1000000000000003862,False,
1000000000000003863,False,
1000000000000003864,False,
1000000000000003865,False,
1000000000000003866,False,
1000000000000003867,False,
1000000000000003868,False,
1000000000000003869,False,
1000000000000003870,False,
1000000000000003871,False,
1000000000000003872,False,
1000000000000003873,False,
1000000000000003874,False,
1000000000000003875,False,
1000000000000003876,False,
1000000000000003877,False,
1000000000000003878,False,
1000000000000003879,False,
1000000000000003880,False,
1000000000000003881,False,
1000000000000003882,False,
1000000000000003883,False,
1000000000000003884,False,
1000000000000003885,False,
1000000000000003886,False,
1000000000000003887,False,
1000000000000003888,False,
1000000000000003889,False,
1000000000000003890,False,
1000000000000003891,False,
1000000000000003892,False,
1000000000000003893,False,
1000000000000003894,False,
1000000000000003895,False,
1000000000000003896,False,
1000000000000003897,False,
1000000000000003898,False,
1000000000000003899,False,
1000000000000003900,False,
1000000000000003901,False,
1000000000000003902,False,
1000000000000003903,False,
1000000000000003904,False,
1000000000000003905,False,
1000000000000003906,False,
1000000000000003907,False,
1000000000000003908,False,
1000000000000003909,False,
1000000000000003910,False,
1000000000000003911,False,
1000000000000003912,False,
1000000000000003913,False,
1000000000000003914,False,
1000000000000003915,False,
1000000000000003916,False,
1000000000000003917,False,
1000000000000003918,False,
1000000000000003919,False,
1000000000000003920,False,
1000000000000003921,False,
1000000000000003922,False,
1000000000000003923,False,
1000000000000003924,False,
1000000000000003925,False,
1000000000000003926,False,
1000000000000003927,False,
1000000000000003928,False,
1000000000000003929,False,
1000000000000003930,False,
1000000000000003931,False,
1000000000000003932,False,
1000000000000003933,False,
1000000000000003934,False,
1000000000000003935,False,
1000000000000003936,False,
1000000000000003937,False,
1000000000000003938,False,
1000000000000003939,False,
1000000000000003940,False,
1000000000000003941,False,
1000000000000003942,False,
1000000000000003943,False,
1000000000000003944,False,
1000000000000003945,False,
1000000000000003946,False,
1000000000000003947,False,
1000000000000003948,False,
1000000000000003949,False,
1000000000000003950,False,
1000000000000003951,False,
1000000000000003952,False,
1000000000000003953,False,
1000000000000003954,False,
1000000000000003955,False,
1000000000000003956,False,
1000000000000003957,False,
1000000000000003958,False,
1000000000000003959,False,
1000000000000003960,False,
1000000000000003961,False,
1000000000000003962,False,
1000000000000003963,False,
1000000000000003964,False,
1000000000000003965,False,
1000000000000003966,False,
1000000000000003967,False,
1000000000000003968,False,
1000000000000003969,False,
1000000000000003970,False,
1000000000000003971,False,
1000000000000003972,False,
1000000000000003973,False,
1000000000000003974,False,
1000000000000003975,False,
1000000000000003976,False,
1000000000000003977,False,
1000000000000003978,False,
1000000000000003979,False,
1000000000000003980,False,
1000000000000003981,False,
1000000000000003982,False,
1000000000000003983,False,
1000000000000003984,False,
1000000000000003985,False,
1000000000000003986,False,
1000000000000003987,False,
1000000000000003988,False,
1000000000000003989,False,
1000000000000003990,False,
1000000000000003991,False,
1000000000000003992,False,
1000000000000003993,False,
1000000000000003994,False,
1000000000000003995,False,
1000000000000003996,False,
1000000000000003997,False,
1000000000000003998,False,
1000000000000003999,False,
1000000000000004000,False,
1000000000000004001,False,
1000000000000004002,False,
1000000000000004003,False,
1000000000000004004,False,
1000000000000004005,False,
1000000000000004006,False,
1000000000000004007,False,
1000000000000004008,False,
1000000000000004009,False,
1000000000000004010,False,
1000000000000004011,False,
1000000000000004012,False,
1000000000000004013,False,
1000000000000004014,False,
1000000000000004015,False,
1000000000000004016,False,
1000000000000004017,False,
1000000000000004018,False,
1000000000000004019,False,
1000000000000004020,False,
1000000000000004021,False,
1000000000000004022,False,
1000000000000004023,False,
1000000000000004024,False,
1000000000000004025,False,
1000000000000004026,False,
1000000000000004027,False,
1000000000000004028,False,
1000000000000004029,False,
1000000000000004030,False,
1000000000000004031,False,
1000000000000004032,False,
1000000000000004033,False,
1000000000000004034,False,
1000000000000004035,False,
1000000000000004036,False,
1000000000000004037,False,
1000000000000004038,False,
1000000000000004039,False,
1000000000000004040,False,
1000000000000004041,False,
1000000000000004042,False,
1000000000000004043,False,
1000000000000004044,False,
1000000000000004045,False,
1000000000000004046,False,
1000000000000004047,False,
1000000000000004048,False,
1000000000000004049,False,
1000000000000004050,False,
1000000000000004051,False,
1000000000000004052,False,
1000000000000004053,False,
1000000000000004054,False,
1000000000000004055,False,
1000000000000004056,False,
1000000000000004057,False,
1000000000000004058,False,
1000000000000004059,False,
1000000000000004060,False,
1000000000000004061,False,
1000000000000004062,False,
1000000000000004063,False,
1000000000000004064,False,
1000000000000004065,False,
1000000000000004066,False,
1000000000000004067,False,
1000000000000004068,False,
1000000000000004069,False,
1000000000000004070,False,
1000000000000004071,False,
1000000000000004072,False,
1000000000000004073,False,
1000000000000004074,False,
1000000000000004075,False,
1000000000000004076,False,
1000000000000004077,False,
1000000000000004078,False,
1000000000000004079,False,
1000000000000004080,False,
1000000000000004081,False,
1000000000000004082,False,
1000000000000004083,False,
1000000000000004084,False,
1000000000000004085,False,
1000000000000004086,False,
1000000000000004087,False,
1000000000000004088,False,
1000000000000004089,False,
1000000000000004090,False,
1000000000000004091,False,
1000000000000004092,False,
1000000000000004093,False,
1000000000000004094,False,
1000000000000004095,False,
1000000000000004096,False,
1000000000000004097,False,
1000000000000004098,False,
1000000000000004099,False,
1000000000000004100,False,
1000000000000004101,False,
1000000000000004102,False,
1000000000000004103,False,
1000000000000004104,False,
1000000000000004105,False,
1000000000000004106,False,
1000000000000004107,False,
1000000000000004108,False,
1000000000000004109,False,
1000000000000004110,False,
1000000000000004111,False,
1000000000000004112,False,
1000000000000004113,False,
1000000000000004114,False,
1000000000000004115,False,
1000000000000004116,False,
1000000000000004117,False,
1000000000000004118,False,
1000000000000004119,False,
1000000000000004120,False,
1000000000000004121,False,
1000000000000004122,False,
1000000000000004123,False,
1000000000000004124,False,
1000000000000004125,False,
1000000000000004126,False,
1000000000000004127,False,
1000000000000004128,False,
1000000000000004129,False,
1000000000000004130,False,
1000000000000004131,False,
1000000000000004132,False,
1000000000000004133,False,
1000000000000004134,False,
1000000000000004135,False,
1000000000000004136,False,
1000000000000004137,False,
1000000000000004138,False,
1000000000000004139,False,
1000000000000004140,False,
1000000000000004141,False,
1000000000000004142,False,
1000000000000004143,False,
1000000000000004144,False,
1000000000000004145,False,
1000000000000004146,False,
1000000000000004147,False,
1000000000000004148,False,
1000000000000004149,False,
1000000000000004150,False,
1000000000000004151,False,
1000000000000004152,False,
1000000000000004153,False,
1000000000000004154,False,
1000000000000004155,False,
1000000000000004156,False,
1000000000000004157,False,
1000000000000004158,False,
1000000000000004159,False,
1000000000000004160,False,
1000000000000004161,False,
1000000000000004162,False,
1000000000000004163,False,
1000000000000004164,False,
1000000000000004165,False,
1000000000000004166,False,
1000000000000004167,False,
1000000000000004168,False,
1000000000000004169,False,
1000000000000004170,False,
1000000000000004171,False,
1000000000000004172,False,
1000000000000004173,False,
1000000000000004174,False,
1000000000000004175,False,
1000000000000004176,False,
1000000000000004177,False,
1000000000000004178,False,
1000000000000004179,False,
1000000000000004180,False,
1000000000000004181,False,
1000000000000004182,False,
1000000000000004183,False,
1000000000000004184,False,
1000000000000004185,False,
1000000000000004186,False,
1000000000000004187,False,
1000000000000004188,False,
1000000000000004189,False,
1000000000000004190,False,
1000000000000004191,False,
1000000000000004192,False,
1000000000000004193,False,
1000000000000004194,False,
1000000000000004195,False,
1000000000000004196,False,
1000000000000004197,False,
1000000000000004198,False,
1000000000000004199,False,
1000000000000004200,False,
1000000000000004201,False,
1000000000000004202,False,
1000000000000004203,False,
1000000000000004204,False,
1000000000000004205,False,
1000000000000004206,False,
1000000000000004207,False,
1000000000000004208,False,
1000000000000004209,False,
1000000000000004210,False,
1000000000000004211,False,
1000000000000004212,False,
1000000000000004213,False,
1000000000000004214,False,
1000000000000004215,False,
1000000000000004216,False,
1000000000000004217,False,
1000000000000004218,False,
1000000000000004219,False,
1000000000000004220,False,
1000000000000004221,False,
1000000000000004222,False,
1000000000000004223,False,
1000000000000004224,False,
1000000000000004225,False,
1000000000000004226,False,
1000000000000004227,False,
1000000000000004228,False,
1000000000000004229,False,
1000000000000004230,False,
1000000000000004231,False,
1000000000000004232,False,
1000000000000004233,False,
1000000000000004234,False,
1000000000000004235,False,
1000000000000004236,False,
1000000000000004237,False,
1000000000000004238,False,
1000000000000004239,False,
1000000000000004240,False,
1000000000000004241,False,
1000000000000004242,False,
1000000000000004243,False,
1000000000000004244,False,
1000000000000004245,False,
1000000000000004246,False,
1000000000000004247,False,
1000000000000004248,False,
1000000000000004249,False,
1000000000000004250,False,
1000000000000004251,False,
1000000000000004252,False,
1000000000000004253,False,
1000000000000004254,False,
1000000000000004255,False,
1000000000000004256,False,
1000000000000004257,False,
1000000000000004258,False,
1000000000000004259,False,
1000000000000004260,False,
1000000000000004261,False,
1000000000000004262,False,
1000000000000004263,False,
1000000000000004264,False,
1000000000000004265,False,
1000000000000004266,False,
1000000000000004267,False,
1000000000000004268,False,
1000000000000004269,False,
1000000000000004270,False,
1000000000000004271,False,
1000000000000004272,False,
1000000000000004273,False,
1000000000000004274,False,
1000000000000004275,False,
1000000000000004276,False,
1000000000000004277,False,
1000000000000004278,False,
1000000000000004279,False,
1000000000000004280,False,
1000000000000004281,False,
1000000000000004282,False,
1000000000000004283,False,
1000000000000004284,False,
1000000000000004285,False,
1000000000000004286,False,
1000000000000004287,False,
1000000000000004288,False,
1000000000000004289,False,
1000000000000004290,False,
1000000000000004291,False,
1000000000000004292,False,
1000000000000004293,False,
1000000000000004294,False,
1000000000000004295,False,
1000000000000004296,False,
1000000000000004297,False,
1000000000000004298,False,
1000000000000004299,False,
1000000000000004300,False,
1000000000000004301,False,
1000000000000004302,False,
1000000000000004303,False,
1000000000000004304,False,
1000000000000004305,False,
1000000000000004306,False,
1000000000000004307,False,
1000000000000004308,False,
1000000000000004309,False,
1000000000000004310,False,
1000000000000004311,False,
1000000000000004312,False,
1000000000000004313,False,
1000000000000004314,False,
1000000000000004315,False,
1000000000000004316,False,
1000000000000004317,False,
1000000000000004318,False,
1000000000000004319,False,
1000000000000004320,False,
1000000000000004321,False,
1000000000000004322,False,
1000000000000004323,False,
1000000000000004324,False,
1000000000000004325,False,
1000000000000004326,False,
1000000000000004327,False,
1000000000000004328,False,
1000000000000004329,False,
1000000000000004330,False,
1000000000000004331,False,
1000000000000004332,False,
1000000000000004333,False,
1000000000000004334,False,
1000000000000004335,False,
1000000000000004336,False,
1000000000000004337,False,
1000000000000004338,False,
1000000000000004339,False,
1000000000000004340,False,
1000000000000004341,False,
1000000000000004342,False,
1000000000000004343,False,
1000000000000004344,False,
1000000000000004345,False,
1000000000000004346,False,
1000000000000004347,False,
1000000000000004348,False,
1000000000000004349,False,
1000000000000004350,False,
1000000000000004351,False,
1000000000000004352,False,
1000000000000004353,False,
1000000000000004354,False,
1000000000000004355,False,
1000000000000004356,False,
1000000000000004357,False,
1000000000000004358,False,
1000000000000004359,False,
1000000000000004360,False,
1000000000000004361,False,
1000000000000004362,False,
1000000000000004363,False,
1000000000000004364,False,
1000000000000004365,False,
1000000000000004366,False,
1000000000000004367,False,
1000000000000004368,False,
1000000000000004369,False,
1000000000000004370,False,
1000000000000004371,False,
1000000000000004372,False,
1000000000000004373,False,
1000000000000004374,False,
1000000000000004375,False,
1000000000000004376,False,
1000000000000004377,False,
1000000000000004378,False,
1000000000000004379,False,
1000000000000004380,False,
1000000000000004381,False,
1000000000000004382,False,
1000000000000004383,False,
1000000000000004384,False,
1000000000000004385,False,
1000000000000004386,False,
1000000000000004387,False,
1000000000000004388,False,
1000000000000004389,False,
1000000000000004390,False,
1000000000000004391,False,
1000000000000004392,False,
1000000000000004393,False,
1000000000000004394,False,
1000000000000004395,False,
1000000000000004396,False,
1000000000000004397,False,
1000000000000004398,False,
1000000000000004399,False,
1000000000000004400,False,
1000000000000004401,False,
1000000000000004402,False,
1000000000000004403,False,
1000000000000004404,False,
1000000000000004405,False,
1000000000000004406,False,
1000000000000004407,False,
1000000000000004408,False,
1000000000000004409,False,
1000000000000004410,False,
1000000000000004411,False,
1000000000000004412,False,
1000000000000004413,False,
1000000000000004414,False,
1000000000000004415,False,
1000000000000004416,False,
1000000000000004417,False,
1000000000000004418,False,
1000000000000004419,False,
1000000000000004420,False,
1000000000000004421,False,
1000000000000004422,False,
1000000000000004423,False,
1000000000000004424,False,
1000000000000004425,False,
1000000000000004426,False,
1000000000000004427,False,
1000000000000004428,False,
1000000000000004429,False,
1000000000000004430,False,
1000000000000004431,False,
1000000000000004432,False,
1000000000000004433,False,
1000000000000004434,False,
1000000000000004435,False,
1000000000000004436,False,
1000000000000004437,False,
1000000000000004438,False,
1000000000000004439,False,
1000000000000004440,False,
1000000000000004441,False,
1000000000000004442,False,
1000000000000004443,False,
1000000000000004444,False,
1000000000000004445,False,
1000000000000004446,False,
1000000000000004447,False,
1000000000000004448,False,
1000000000000004449,False,
1000000000000004450,False,
1000000000000004451,False,
1000000000000004452,False,
1000000000000004453,False,
1000000000000004454,False,
1000000000000004455,False,
1000000000000004456,False,
1000000000000004457,False,
1000000000000004458,False,
1000000000000004459,False,
1000000000000004460,False,
1000000000000004461,False,
1000000000000004462,False,
1000000000000004463,False,
1000000000000004464,False,
1000000000000004465,False,
1000000000000004466,False,
1000000000000004467,False,
1000000000000004468,False,
1000000000000004469,False,
1000000000000004470,False,
1000000000000004471,False,
1000000000000004472,False,
1000000000000004473,False,
1000000000000004474,False,
1000000000000004475,False,
1000000000000004476,False,
1000000000000004477,False,
1000000000000004478,False,
1000000000000004479,False,
1000000000000004480,False,
1000000000000004481,False,
1000000000000004482,False,
1000000000000004483,False,
1000000000000004484,False,
1000000000000004485,False,
1000000000000004486,False,
1000000000000004487,False,
1000000000000004488,False,
1000000000000004489,False,
1000000000000004490,False,
1000000000000004491,False,
1000000000000004492,False,
1000000000000004493,False,
1000000000000004494,False,
1000000000000004495,False,
1000000000000004496,False,
1000000000000004497,False,
1000000000000004498,False,
1000000000000004499,False,
1000000000000004500,False,
1000000000000004501,False,
1000000000000004502,False,
1000000000000004503,False,
1000000000000004504,False,
1000000000000004505,False,
1000000000000004506,False,
1000000000000004507,False,
1000000000000004508,False,
1000000000000004509,False,
1000000000000004510,False,
1000000000000004511,False,
1000000000000004512,False,
1000000000000004513,False,
1000000000000004514,False,
1000000000000004515,False,
1000000000000004516,False,
1000000000000004517,False,
1000000000000004518,False,
1000000000000004519,False,
1000000000000004520,False,
1000000000000004521,False,
1000000000000004522,False,
1000000000000004523,False,
1000000000000004524,False,
1000000000000004525,False,
1000000000000004526,False,
1000000000000004527,False,
1000000000000004528,False,
1000000000000004529,False,
1000000000000004530,False,
1000000000000004531,False,
1000000000000004532,False,
1000000000000004533,False,
1000000000000004534,False,
1000000000000004535,False,
1000000000000004536,False,
1000000000000004537,False,
1000000000000004538,False,
1000000000000004539,False,
1000000000000004540,False,
1000000000000004541,False,
1000000000000004542,False,
1000000000000004543,False,
1000000000000004544,False,
1000000000000004545,False,
1000000000000004546,False,
1000000000000004547,False,
1000000000000004548,False,
1000000000000004549,False,
1000000000000004550,False,
1000000000000004551,False,
1000000000000004552,False,
1000000000000004553,False,
1000000000000004554,False,
1000000000000004555,False,
1000000000000004556,False,
1000000000000004557,False,
1000000000000004558,False,
1000000000000004559,False,
1000000000000004560,False,
1000000000000004561,False,
1000000000000004562,False,
1000000000000004563,False,
1000000000000004564,False,
1000000000000004565,False,
1000000000000004566,False,
1000000000000004567,False,
1000000000000004568,False,
1000000000000004569,False,
1000000000000004570,False,
1000000000000004571,False,
1000000000000004572,False,
1000000000000004573,False,
1000000000000004574,False,
1000000000000004575,False,
1000000000000004576,False,
1000000000000004577,False,
1000000000000004578,False,
1000000000000004579,False,
1000000000000004580,False,
1000000000000004581,False,
1000000000000004582,False,
1000000000000004583,False,
1000000000000004584,False,
1000000000000004585,False,
1000000000000004586,False,
1000000000000004587,False,
1000000000000004588,False,
1000000000000004589,False,
1000000000000004590,False,
1000000000000004591,False,
1000000000000004592,False,
1000000000000004593,False,
1000000000000004594,False,
1000000000000004595,False,
1000000000000004596,False,
1000000000000004597,False,
1000000000000004598,False,
1000000000000004599,False,
1000000000000004600,False,
1000000000000004601,False,
1000000000000004602,False,
1000000000000004603,False,
1000000000000004604,False,
1000000000000004605,False,
1000000000000004606,False,
1000000000000004607,False,
1000000000000004608,False,
1000000000000004609,False,
1000000000000004610,False,
1000000000000004611,False,
1000000000000004612,False,
1000000000000004613,False,
1000000000000004614,False,
1000000000000004615,False,
1000000000000004616,False,
1000000000000004617,False,
1000000000000004618,False,
1000000000000004619,False,
1000000000000004620,False,
1000000000000004621,False,
1000000000000004622,False,
1000000000000004623,False,
1000000000000004624,False,
1000000000000004625,False,
1000000000000004626,False,
1000000000000004627,False,
1000000000000004628,False,
1000000000000004629,False,
1000000000000004630,False,
1000000000000004631,False,
1000000000000004632,False,
1000000000000004633,False,
1000000000000004634,False,
1000000000000004635,False,
1000000000000004636,False,
1000000000000004637,False,
1000000000000004638,False,
1000000000000004639,False,
1000000000000004640,False,
1000000000000004641,False,
1000000000000004642,False,
1000000000000004643,False,
1000000000000004644,False,
1000000000000004645,False,
1000000000000004646,False,
1000000000000004647,False,
1000000000000004648,False,
1000000000000004649,False,
1000000000000004650,False,
1000000000000004651,False,
1000000000000004652,False,
1000000000000004653,False,
1000000000000004654,False,
1000000000000004655,False,
1000000000000004656,False,
1000000000000004657,False,
1000000000000004658,False,
1000000000000004659,False,
1000000000000004660,False,
1000000000000004661,False,
1000000000000004662,False,
1000000000000004663,False,
1000000000000004664,False,
1000000000000004665,False,
1000000000000004666,False,
1000000000000004667,False,
1000000000000004668,False,
1000000000000004669,False,
1000000000000004670,False,
1000000000000004671,False,
1000000000000004672,False,
1000000000000004673,False,
1000000000000004674,False,
1000000000000004675,False,
1000000000000004676,False,
1000000000000004677,False,
1000000000000004678,False,
1000000000000004679,False,
1000000000000004680,False,
1000000000000004681,False,
1000000000000004682,False,
1000000000000004683,False,
1000000000000004684,False,
1000000000000004685,False,
1000000000000004686,False,
1000000000000004687,False,
1000000000000004688,False,
1000000000000004689,False,
1000000000000004690,False,
1000000000000004691,False,
1000000000000004692,False,
1000000000000004693,False,
1000000000000004694,False,
1000000000000004695,False,
1000000000000004696,False,
1000000000000004697,False,
1000000000000004698,False,
1000000000000004699,False,
1000000000000004700,False,
1000000000000004701,False,
1000000000000004702,False,
1000000000000004703,False,
1000000000000004704,False,
1000000000000004705,False,
1000000000000004706,False,
1000000000000004707,False,
1000000000000004708,False,
1000000000000004709,False,
1000000000000004710,False,
1000000000000004711,False,
1000000000000004712,False,
1000000000000004713,False,
1000000000000004714,False,
1000000000000004715,False,
1000000000000004716,False,
1000000000000004717,False,
1000000000000004718,False,
1000000000000004719,False,
1000000000000004720,False,
1000000000000004721,False,
1000000000000004722,False,
1000000000000004723,False,
1000000000000004724,False,
1000000000000004725,False,
1000000000000004726,False,
1000000000000004727,False,
1000000000000004728,False,
1000000000000004729,False,
1000000000000004730,False,
1000000000000004731,False,
1000000000000004732,False,
1000000000000004733,False,
1000000000000004734,False,
1000000000000004735,False,
1000000000000004736,False,
1000000000000004737,False,
1000000000000004738,False,
1000000000000004739,False,
1000000000000004740,False,
1000000000000004741,False,
1000000000000004742,False,
1000000000000004743,False,
1000000000000004744,False,
1000000000000004745,False,
1000000000000004746,False,
1000000000000004747,False,
1000000000000004748,False,
1000000000000004749,False,
1000000000000004750,False,
1000000000000004751,False,
1000000000000004752,False,
1000000000000004753,False,
1000000000000004754,False,
1000000000000004755,False,
1000000000000004756,False,
1000000000000004757,False,
1000000000000004758,False,
1000000000000004759,False,
1000000000000004760,False,
1000000000000004761,False,
1000000000000004762,False,
1000000000000004763,False,
1000000000000004764,False,
1000000000000004765,False,
1000000000000004766,False,
1000000000000004767,False,
1000000000000004768,False,
1000000000000004769,False,
1000000000000004770,False,
1000000000000004771,False,
1000000000000004772,False,
1000000000000004773,False,
1000000000000004774,False,
1000000000000004775,False,
1000000000000004776,False,
1000000000000004777,False,
1000000000000004778,False,
1000000000000004779,False,
1000000000000004780,False,
1000000000000004781,False,
1000000000000004782,False,
1000000000000004783,False,
1000000000000004784,False,
1000000000000004785,False,
1000000000000004786,False,
1000000000000004787,False,
1000000000000004788,False,
1000000000000004789,False,
1000000000000004790,False,
1000000000000004791,False,
1000000000000004792,False,
1000000000000004793,False,
1000000000000004794,False,
1000000000000004795,False,
1000000000000004796,False,
1000000000000004797,False,
1000000000000004798,False,
1000000000000004799,False,
1000000000000004800,False,
1000000000000004801,False,
1000000000000004802,False,
1000000000000004803,False,
1000000000000004804,False,
1000000000000004805,False,
1000000000000004806,False,
1000000000000004807,False,
1000000000000004808,False,
1000000000000004809,False,
1000000000000004810,False,
1000000000000004811,False,
1000000000000004812,False,
1000000000000004813,False,
1000000000000004814,False,
1000000000000004815,False,
1000000000000004816,False,
1000000000000004817,False,
1000000000000004818,False,
1000000000000004819,False,
1000000000000004820,False,
1000000000000004821,False,
1000000000000004822,False,
1000000000000004823,False,
1000000000000004824,False,
1000000000000004825,False,
1000000000000004826,False,
1000000000000004827,False,
1000000000000004828,False,
1000000000000004829,False,
1000000000000004830,False,
1000000000000004831,False,
1000000000000004832,False,
1000000000000004833,False,
1000000000000004834,False,
1000000000000004835,False,
1000000000000004836,False,
1000000000000004837,False,
1000000000000004838,False,
1000000000000004839,False,
1000000000000004840,False,
1000000000000004841,False,
1000000000000004842,False,
1000000000000004843,False,
1000000000000004844,False,
1000000000000004845,False,
1000000000000004846,False,
1000000000000004847,False,
1000000000000004848,False,
1000000000000004849,False,
1000000000000004850,False,
1000000000000004851,False,
1000000000000004852,False,
1000000000000004853,False,
1000000000000004854,False,
1000000000000004855,False,
1000000000000004856,False,
1000000000000004857,False,
1000000000000004858,False,
1000000000000004859,False,
1000000000000004860,False,
1000000000000004861,False,
1000000000000004862,False,
1000000000000004863,False,
1000000000000004864,False,
1000000000000004865,False,
1000000000000004866,False,
1000000000000004867,False,
1000000000000004868,False,
1000000000000004869,False,
1000000000000004870,False,
1000000000000004871,False,
1000000000000004872,False,
1000000000000004873,False,
1000000000000004874,False,
1000000000000004875,False,
1000000000000004876,False,
1000000000000004877,False,
1000000000000004878,False,
1000000000000004879,False,
1000000000000004880,False,
1000000000000004881,False,
1000000000000004882,False,
1000000000000004883,False,
1000000000000004884,False,
1000000000000004885,False,
1000000000000004886,False,
1000000000000004887,False,
1000000000000004888,False,
1000000000000004889,False,
1000000000000004890,False,
1000000000000004891,False,
1000000000000004892,False,
1000000000000004893,False,
1000000000000004894,False,
1000000000000004895,False,
1000000000000004896,False,
1000000000000004897,False,
1000000000000004898,False,
1000000000000004899,False,
1000000000000004900,False,
1000000000000004901,False,
1000000000000004902,False,
1000000000000004903,False,
1000000000000004904,False,
1000000000000004905,False,
1000000000000004906,False,
1000000000000004907,False,
1000000000000004908,False,
1000000000000004909,False,
1000000000000004910,False,
1000000000000004911,False,
1000000000000004912,False,
1000000000000004913,False,
1000000000000004914,False,
1000000000000004915,False,
1000000000000004916,False,
1000000000000004917,False,
1000000000000004918,False,
1000000000000004919,False,
1000000000000004920,False,
1000000000000004921,False,
1000000000000004922,False,
1000000000000004923,False,
1000000000000004924,False,
1000000000000004925,False,
1000000000000004926,False,
1000000000000004927,False,
1000000000000004928,False,
1000000000000004929,False,
1000000000000004930,False,
1000000000000004931,False,
1000000000000004932,False,
1000000000000004933,False,
1000000000000004934,False,
1000000000000004935,False,
1000000000000004936,False,
1000000000000004937,False,
1000000000000004938,False,
1000000000000004939,False,
1000000000000004940,False,
1000000000000004941,False,
1000000000000004942,False,
1000000000000004943,False,
1000000000000004944,False,
1000000000000004945,False,
1000000000000004946,False,
1000000000000004947,False,
1000000000000004948,False,
1000000000000004949,False,
1000000000000004950,False,
1000000000000004951,False,
1000000000000004952,False,
1000000000000004953,False,
1000000000000004954,False,
1000000000000004955,False,
1000000000000004956,False,
1000000000000004957,False,
1000000000000004958,False,
1000000000000004959,False,
1000000000000004960,False,
1000000000000004961,False,
1000000000000004962,False,
1000000000000004963,False,
1000000000000004964,False,
1000000000000004965,False,
1000000000000004966,False,
1000000000000004967,False,
1000000000000004968,False,
1000000000000004969,False,
1000000000000004970,False,
1000000000000004971,False,
1000000000000004972,False,
1000000000000004973,False,
1000000000000004974,False,
1000000000000004975,False,
1000000000000004976,False,
1000000000000004977,False,
1000000000000004978,False,
1000000000000004979,False,
1000000000000004980,False,
1000000000000004981,False,
1000000000000004982,False,
1000000000000004983,False,
1000000000000004984,False,
1000000000000004985,False,
1000000000000004986,False,
1000000000000004987,False,
1000000000000004988,False,
1000000000000004989,False,
1000000000000004990,False,
1000000000000004991,False,
1000000000000004992,False,
1000000000000004993,False,
1000000000000004994,False,
1000000000000004995,False,
1000000000000004996,False,
1000000000000004997,False,
1000000000000004998,False,
1000000000000004999,False,
1000000000000005000,False,
1000000000000005001,False,
1000000000000005002,False,
1000000000000005003,False,
1000000000000005004,False,
1000000000000005005,False,
1000000000000005006,False,
1000000000000005007,False,
1000000000000005008,False,
1000000000000005009,False,
1000000000000005010,False,
1000000000000005011,False,
1000000000000005012,False,
1000000000000005013,False,
1000000000000005014,False,
1000000000000005015,False,
1000000000000005016,False,
1000000000000005017,False,
1000000000000005018,False,
1000000000000005019,False,
1000000000000005020,False,
1000000000000005021,False,
1000000000000005022,False,
1000000000000005023,False,
1000000000000005024,False,
1000000000000005025,False,
1000000000000005026,False,
1000000000000005027,False,
1000000000000005028,False,
1000000000000005029,False,
1000000000000005030,False,
1000000000000005031,False,
1000000000000005032,False,
1000000000000005033,False,
1000000000000005034,False,
1000000000000005035,False,
1000000000000005036,False,
1000000000000005037,False,
1000000000000005038,False,
1000000000000005039,False,
1000000000000005040,False,
1000000000000005041,False,
1000000000000005042,False,
1000000000000005043,False,
1000000000000005044,False,
1000000000000005045,False,
1000000000000005046,False,
1000000000000005047,False,
1000000000000005048,False,
1000000000000005049,False,
1000000000000005050,False,
1000000000000005051,False,
1000000000000005052,False,
1000000000000005053,False,
1000000000000005054,False,
1000000000000005055,False,
1000000000000005056,False,
1000000000000005057,False,
1000000000000005058,False,
1000000000000005059,False,
1000000000000005060,False,
1000000000000005061,False,
1000000000000005062,False,
1000000000000005063,False,
1000000000000005064,False,
1000000000000005065,False,
1000000000000005066,False,
1000000000000005067,False,
1000000000000005068,False,
1000000000000005069,False,
1000000000000005070,False,
1000000000000005071,False,
1000000000000005072,False,
1000000000000005073,False,
1000000000000005074,False,
1000000000000005075,False,
1000000000000005076,False,
1000000000000005077,False,
1000000000000005078,False,
1000000000000005079,False,
1000000000000005080,False,
1000000000000005081,False,
1000000000000005082,False,
1000000000000005083,False,
1000000000000005084,False,
1000000000000005085,False,
1000000000000005086,False,
1000000000000005087,False,
1000000000000005088,False,
1000000000000005089,False,
1000000000000005090,False,
1000000000000005091,False,
1000000000000005092,False,
1000000000000005093,False,
1000000000000005094,False,
1000000000000005095,False,
1000000000000005096,False,
1000000000000005097,False,
1000000000000005098,False,
1000000000000005099,False,
1000000000000005100,False,
1000000000000005101,False,
1000000000000005102,False,
1000000000000005103,False,
1000000000000005104,False,
1000000000000005105,False,
1000000000000005106,False,
1000000000000005107,False,
1000000000000005108,False,
1000000000000005109,False,
1000000000000005110,False,
1000000000000005111,False,
1000000000000005112,False,
1000000000000005113,False,
1000000000000005114,False,
1000000000000005115,False,
1000000000000005116,False,
1000000000000005117,False,
1000000000000005118,False,
1000000000000005119,False,
1000000000000005120,False,
1000000000000005121,False,
1000000000000005122,False,
1000000000000005123,False,
1000000000000005124,False,
1000000000000005125,False,
1000000000000005126,False,
1000000000000005127,False,
1000000000000005128,False,
1000000000000005129,False,
1000000000000005130,False,
1000000000000005131,False,
1000000000000005132,False,
1000000000000005133,False,
1000000000000005134,False,
1000000000000005135,False,
1000000000000005136,False,
1000000000000005137,False,
1000000000000005138,False,
1000000000000005139,False,
1000000000000005140,False,
1000000000000005141,False,
1000000000000005142,False,
1000000000000005143,False,
1000000000000005144,False,
1000000000000005145,False,
1000000000000005146,False,
1000000000000005147,False,
1000000000000005148,False,
1000000000000005149,False,
1000000000000005150,False,
1000000000000005151,False,
1000000000000005152,False,
1000000000000005153,False,
1000000000000005154,False,
1000000000000005155,False,
1000000000000005156,False,
1000000000000005157,False,
1000000000000005158,False,
1000000000000005159,False,
1000000000000005160,False,
1000000000000005161,False,
1000000000000005162,False,
1000000000000005163,False,
1000000000000005164,False,
1000000000000005165,False,
1000000000000005166,False,
1000000000000005167,False,
1000000000000005168,False,
1000000000000005169,False,
1000000000000005170,False,
1000000000000005171,False,
1000000000000005172,False,
1000000000000005173,False,
1000000000000005174,False,
1000000000000005175,False,
1000000000000005176,False,
1000000000000005177,False,
1000000000000005178,False,
1000000000000005179,False,
1000000000000005180,False,
1000000000000005181,False,
1000000000000005182,False,
1000000000000005183,False,
1000000000000005184,False,
1000000000000005185,False,
1000000000000005186,False,
1000000000000005187,False,
1000000000000005188,False,
1000000000000005189,False,
1000000000000005190,False,
1000000000000005191,False,
1000000000000005192,False,
1000000000000005193,False,
1000000000000005194,False,
1000000000000005195,False,
1000000000000005196,False,
1000000000000005197,False,
1000000000000005198,False,
1000000000000005199,False,
1000000000000005200,False,
1000000000000005201,False,
1000000000000005202,False,
1000000000000005203,False,
1000000000000005204,False,
1000000000000005205,False,
1000000000000005206,False,
1000000000000005207,False,
1000000000000005208,False,
1000000000000005209,False,
1000000000000005210,False,
1000000000000005211,False,
1000000000000005212,False,
1000000000000005213,False,
1000000000000005214,False,
1000000000000005215,False,
1000000000000005216,False,
1000000000000005217,False,
1000000000000005218,False,
1000000000000005219,False,
1000000000000005220,False,
1000000000000005221,False,
1000000000000005222,False,
1000000000000005223,False,
1000000000000005224,False,
1000000000000005225,False,
1000000000000005226,False,
1000000000000005227,False,
1000000000000005228,False,
1000000000000005229,False,
1000000000000005230,False,
1000000000000005231,False,
1000000000000005232,False,
1000000000000005233,False,
1000000000000005234,False,
1000000000000005235,False,
1000000000000005236,False,
1000000000000005237,False,
1000000000000005238,False,
1000000000000005239,False,
1000000000000005240,False,
1000000000000005241,False,
1000000000000005242,False,
1000000000000005243,False,
1000000000000005244,False,
1000000000000005245,False,
1000000000000005246,False,
1000000000000005247,False,
1000000000000005248,False,
1000000000000005249,False,
1000000000000005250,False,
1000000000000005251,False,
1000000000000005252,False,
1000000000000005253,False,
1000000000000005254,False,
1000000000000005255,False,
1000000000000005256,False,
1000000000000005257,False,
1000000000000005258,False,
1000000000000005259,False,
1000000000000005260,False,
1000000000000005261,False,
1000000000000005262,False,
1000000000000005263,False,
1000000000000005264,False,
1000000000000005265,False,
1000000000000005266,False,
1000000000000005267,False,
1000000000000005268,False,
1000000000000005269,False,
1000000000000005270,False,
1000000000000005271,False,
1000000000000005272,False,
1000000000000005273,False,
1000000000000005274,False,
1000000000000005275,False,
1000000000000005276,False,
1000000000000005277,False,
1000000000000005278,False,
1000000000000005279,False,
1000000000000005280,False,
1000000000000005281,False,
1000000000000005282,False,
1000000000000005283,False,
1000000000000005284,False,
1000000000000005285,False,
1000000000000005286,False,
1000000000000005287,False,
1000000000000005288,False,
1000000000000005289,False,
1000000000000005290,False,
1000000000000005291,False,
1000000000000005292,False,
1000000000000005293,False,
1000000000000005294,False,
1000000000000005295,False,
1000000000000005296,False,
1000000000000005297,False,
1000000000000005298,False,
1000000000000005299,False,
1000000000000005300,False,
1000000000000005301,False,
1000000000000005302,False,
1000000000000005303,False,
1000000000000005304,False,
1000000000000005305,False,
1000000000000005306,False,
1000000000000005307,False,
1000000000000005308,False,
1000000000000005309,False,
1000000000000005310,False,
1000000000000005311,False,
1000000000000005312,False,
1000000000000005313,False,
1000000000000005314,False,
1000000000000005315,False,
1000000000000005316,False,
1000000000000005317,False,
1000000000000005318,False,
1000000000000005319,False,
1000000000000005320,False,
1000000000000005321,False,
1000000000000005322,False,
1000000000000005323,False,
1000000000000005324,False,
1000000000000005325,False,
1000000000000005326,False,
1000000000000005327,False,
1000000000000005328,False,
1000000000000005329,False,
1000000000000005330,False,
1000000000000005331,False,
1000000000000005332,False,
1000000000000005333,False,
1000000000000005334,False,
1000000000000005335,False,
1000000000000005336,False,
1000000000000005337,False,
1000000000000005338,False,
1000000000000005339,False,
1000000000000005340,False,
1000000000000005341,False,
1000000000000005342,False,
1000000000000005343,False,
1000000000000005344,False,
1000000000000005345,False,
1000000000000005346,False,
1000000000000005347,False,
1000000000000005348,False,
1000000000000005349,False,
1000000000000005350,False,
1000000000000005351,False,
1000000000000005352,False,
1000000000000005353,False,
1000000000000005354,False,
1000000000000005355,False,
1000000000000005356,False,
1000000000000005357,False,
1000000000000005358,False,
1000000000000005359,False,
1000000000000005360,False,
1000000000000005361,False,
1000000000000005362,False,
1000000000000005363,False,
1000000000000005364,False,
1000000000000005365,False,
1000000000000005366,False,
1000000000000005367,False,
1000000000000005368,False,
1000000000000005369,False,
1000000000000005370,False,
1000000000000005371,False,
1000000000000005372,False,
1000000000000005373,False,
1000000000000005374,False,
1000000000000005375,False,
1000000000000005376,False,
1000000000000005377,False,
1000000000000005378,False,
1000000000000005379,False,
1000000000000005380,False,
1000000000000005381,False,
1000000000000005382,False,
1000000000000005383,False,
1000000000000005384,False,
1000000000000005385,False,
1000000000000005386,False,
1000000000000005387,False,
1000000000000005388,False,
1000000000000005389,False,
1000000000000005390,False,
1000000000000005391,False,
1000000000000005392,False,
1000000000000005393,False,
1000000000000005394,False,
1000000000000005395,False,
1000000000000005396,False,
1000000000000005397,False,
1000000000000005398,False,
1000000000000005399,False,
1000000000000005400,False,
1000000000000005401,False,
1000000000000005402,False,
1000000000000005403,False,
1000000000000005404,False,
1000000000000005405,False,
1000000000000005406,False,
1000000000000005407,False,
1000000000000005408,False,
1000000000000005409,False,
1000000000000005410,False,
1000000000000005411,False,
1000000000000005412,False,
1000000000000005413,False,
1000000000000005414,False,
1000000000000005415,False,
1000000000000005416,False,
1000000000000005417,False,
1000000000000005418,False,
1000000000000005419,False,
1000000000000005420,False,
1000000000000005421,False,
1000000000000005422,False,
1000000000000005423,False,
1000000000000005424,False,
1000000000000005425,False,
1000000000000005426,False,
1000000000000005427,False,
1000000000000005428,False,
1000000000000005429,False,
1000000000000005430,False,
1000000000000005431,False,
1000000000000005432,False,
1000000000000005433,False,
1000000000000005434,False,
1000000000000005435,False,
1000000000000005436,False,
1000000000000005437,False,
1000000000000005438,False,
1000000000000005439,False,
1000000000000005440,False,
1000000000000005441,False,
1000000000000005442,False,
1000000000000005443,False,
1000000000000005444,False,
1000000000000005445,False,
1000000000000005446,False,
1000000000000005447,False,
1000000000000005448,False,
1000000000000005449,False,
1000000000000005450,False,
1000000000000005451,False,
1000000000000005452,False,
1000000000000005453,False,
1000000000000005454,False,
1000000000000005455,False,
1000000000000005456,False,
1000000000000005457,False,
1000000000000005458,False,
1000000000000005459,False,
1000000000000005460,False,
1000000000000005461,False,
1000000000000005462,False,
1000000000000005463,False,
1000000000000005464,False,
1000000000000005465,False,
1000000000000005466,False,
1000000000000005467,False,
1000000000000005468,False,
1000000000000005469,False,
1000000000000005470,False,
1000000000000005471,False,
1000000000000005472,False,
1000000000000005473,False,
1000000000000005474,False,
1000000000000005475,False,
1000000000000005476,False,
1000000000000005477,False,
1000000000000005478,False,
1000000000000005479,False,
1000000000000005480,False,
1000000000000005481,False,
1000000000000005482,False,
1000000000000005483,False,
1000000000000005484,False,
1000000000000005485,False,
1000000000000005486,False,
1000000000000005487,False,
1000000000000005488,False,
1000000000000005489,False,
1000000000000005490,False,
1000000000000005491,False,
1000000000000005492,False,
1000000000000005493,False,
1000000000000005494,False,
1000000000000005495,False,
1000000000000005496,False,
1000000000000005497,False,
1000000000000005498,False,
1000000000000005499,False,
1000000000000005500,False,
1000000000000005501,False,
1000000000000005502,False,
1000000000000005503,False,
1000000000000005504,False,
1000000000000005505,False,
1000000000000005506,False,
1000000000000005507,False,
1000000000000005508,False,
1000000000000005509,False,
1000000000000005510,False,
1000000000000005511,False,
1000000000000005512,False,
1000000000000005513,False,
1000000000000005514,False,
1000000000000005515,False,
1000000000000005516,False,
1000000000000005517,False,
1000000000000005518,False,
1000000000000005519,False,
1000000000000005520,False,
1000000000000005521,False,
1000000000000005522,False,
1000000000000005523,False,
1000000000000005524,False,
1000000000000005525,False,
1000000000000005526,False,
1000000000000005527,False,
1000000000000005528,False,
1000000000000005529,False,
1000000000000005530,False,
1000000000000005531,False,
1000000000000005532,False,
1000000000000005533,False,
1000000000000005534,False,
1000000000000005535,False,
1000000000000005536,False,
1000000000000005537,False,
1000000000000005538,False,
1000000000000005539,False,
1000000000000005540,False,
1000000000000005541,False,
1000000000000005542,False,
1000000000000005543,False,
1000000000000005544,False,
1000000000000005545,False,
1000000000000005546,False,
1000000000000005547,False,
1000000000000005548,False,
1000000000000005549,False,
1000000000000005550,False,
1000000000000005551,False,
1000000000000005552,False,
1000000000000005553,False,
1000000000000005554,False,
1000000000000005555,False,
1000000000000005556,False,
1000000000000005557,False,
1000000000000005558,False,
1000000000000005559,False,
1000000000000005560,False,
1000000000000005561,False,
1000000000000005562,False,
1000000000000005563,False,
1000000000000005564,False,
1000000000000005565,False,
1000000000000005566,False,
1000000000000005567,False,
1000000000000005568,False,
1000000000000005569,False,
1000000000000005570,False,
1000000000000005571,False,
1000000000000005572,False,
1000000000000005573,False,
1000000000000005574,False,
1000000000000005575,False,
1000000000000005576,False,
1000000000000005577,False,
1000000000000005578,False,
1000000000000005579,False,
1000000000000005580,False,
1000000000000005581,False,
1000000000000005582,False,
1000000000000005583,False,
1000000000000005584,False,
1000000000000005585,False,
1000000000000005586,False,
1000000000000005587,False,
1000000000000005588,False,
1000000000000005589,False,
1000000000000005590,False,
1000000000000005591,False,
1000000000000005592,False,
1000000000000005593,False,
1000000000000005594,False,
1000000000000005595,False,
1000000000000005596,False,
1000000000000005597,False,
1000000000000005598,False,
1000000000000005599,False,
1000000000000005600,False,
1000000000000005601,False,
1000000000000005602,False,
1000000000000005603,False,
1000000000000005604,False,
1000000000000005605,False,
1000000000000005606,False,
1000000000000005607,False,
1000000000000005608,False,
1000000000000005609,False,
1000000000000005610,False,
1000000000000005611,False,
1000000000000005612,False,
1000000000000005613,False,
1000000000000005614,False,
1000000000000005615,False,
1000000000000005616,False,
1000000000000005617,False,
1000000000000005618,False,
1000000000000005619,False,
1000000000000005620,False,
1000000000000005621,False,
1000000000000005622,False,
1000000000000005623,False,
1000000000000005624,False,
1000000000000005625,False,
1000000000000005626,False,
1000000000000005627,False,
1000000000000005628,False,
1000000000000005629,False,
1000000000000005630,False,
1000000000000005631,False,
1000000000000005632,False,
1000000000000005633,False,
1000000000000005634,False,
1000000000000005635,False,
1000000000000005636,False,
1000000000000005637,False,
1000000000000005638,False,
1000000000000005639,False,
1000000000000005640,False,
1000000000000005641,False,
1000000000000005642,False,
1000000000000005643,False,
1000000000000005644,False,
1000000000000005645,False,
1000000000000005646,False,
1000000000000005647,False,
1000000000000005648,False,
1000000000000005649,False,
1000000000000005650,False,
1000000000000005651,False,
1000000000000005652,False,
1000000000000005653,False,
1000000000000005654,False,
1000000000000005655,False,
1000000000000005656,False,
1000000000000005657,False,
1000000000000005658,False,
1000000000000005659,False,
1000000000000005660,False,
1000000000000005661,False,
1000000000000005662,False,
1000000000000005663,False,
1000000000000005664,False,
1000000000000005665,False,
1000000000000005666,False,
1000000000000005667,False,
1000000000000005668,False,
1000000000000005669,False,
1000000000000005670,False,
1000000000000005671,False,
1000000000000005672,False,
1000000000000005673,False,
1000000000000005674,False,
1000000000000005675,False,
1000000000000005676,False,
1000000000000005677,False,
1000000000000005678,False,
1000000000000005679,False,
1000000000000005680,False,
1000000000000005681,False,
1000000000000005682,False,
1000000000000005683,False,
1000000000000005684,False,
1000000000000005685,False,
1000000000000005686,False,
1000000000000005687,False,
1000000000000005688,False,
1000000000000005689,False,
1000000000000005690,False,
1000000000000005691,False,
1000000000000005692,False,
1000000000000005693,False,
1000000000000005694,False,
1000000000000005695,False,
1000000000000005696,False,
1000000000000005697,False,
1000000000000005698,False,
1000000000000005699,False,
1000000000000005700,False,
1000000000000005701,False,
1000000000000005702,False,
1000000000000005703,False,
1000000000000005704,False,
1000000000000005705,False,
1000000000000005706,False,
1000000000000005707,False,
1000000000000005708,False,
1000000000000005709,False,
1000000000000005710,False,
1000000000000005711,False,
1000000000000005712,False,
1000000000000005713,False,
1000000000000005714,False,
1000000000000005715,False,
1000000000000005716,False,
1000000000000005717,False,
1000000000000005718,False,
1000000000000005719,False,
1000000000000005720,False,
1000000000000005721,False,
1000000000000005722,False,
1000000000000005723,False,
1000000000000005724,False,
1000000000000005725,False,
1000000000000005726,False,
1000000000000005727,False,
1000000000000005728,False,
1000000000000005729,False,
1000000000000005730,False,
1000000000000005731,False,
1000000000000005732,False,
1000000000000005733,False,
1000000000000005734,False,
1000000000000005735,False,
1000000000000005736,False,
1000000000000005737,False,
1000000000000005738,False,
1000000000000005739,False,
1000000000000005740,False,
1000000000000005741,False,
1000000000000005742,False,
1000000000000005743,False,
1000000000000005744,False,
1000000000000005745,False,
1000000000000005746,False,
1000000000000005747,False,
1000000000000005748,False,
1000000000000005749,False,
1000000000000005750,False,
1000000000000005751,False,
1000000000000005752,False,
1000000000000005753,False,
1000000000000005754,False,
1000000000000005755,False,
1000000000000005756,False,
1000000000000005757,False,
1000000000000005758,False,
1000000000000005759,False,
1000000000000005760,False,
1000000000000005761,False,
1000000000000005762,False,
1000000000000005763,False,
1000000000000005764,False,
1000000000000005765,False,
1000000000000005766,False,
1000000000000005767,False,
1000000000000005768,False,
1000000000000005769,False,
1000000000000005770,False,
1000000000000005771,False,
1000000000000005772,False,
1000000000000005773,False,
1000000000000005774,False,
1000000000000005775,False,
1000000000000005776,False,
1000000000000005777,False,
1000000000000005778,False,
1000000000000005779,False,
1000000000000005780,False,
1000000000000005781,False,
1000000000000005782,False,
1000000000000005783,False,
1000000000000005784,False,
1000000000000005785,False,
1000000000000005786,False,
1000000000000005787,False,
1000000000000005788,False,
1000000000000005789,False,
1000000000000005790,False,
1000000000000005791,False,
1000000000000005792,False,
1000000000000005793,False,
1000000000000005794,False,
1000000000000005795,False,
1000000000000005796,False,
1000000000000005797,False,
1000000000000005798,False,
1000000000000005799,False,
1000000000000005800,False,
1000000000000005801,False,
1000000000000005802,False,
1000000000000005803,False,
1000000000000005804,False,
1000000000000005805,False,
1000000000000005806,False,
1000000000000005807,False,
1000000000000005808,False,
1000000000000005809,False,
1000000000000005810,False,
1000000000000005811,False,
1000000000000005812,False,
1000000000000005813,False,
1000000000000005814,False,
1000000000000005815,False,
1000000000000005816,False,
1000000000000005817,False,
1000000000000005818,False,
1000000000000005819,False,
1000000000000005820,False,
1000000000000005821,False,
1000000000000005822,False,
1000000000000005823,False,
1000000000000005824,False,
1000000000000005825,False,
1000000000000005826,False,
1000000000000005827,False,
1000000000000005828,False,
1000000000000005829,False,
1000000000000005830,False,
1000000000000005831,False,
1000000000000005832,False,
1000000000000005833,False,
1000000000000005834,False,
1000000000000005835,False,
1000000000000005836,False,
1000000000000005837,False,
1000000000000005838,False,
1000000000000005839,False,
1000000000000005840,False,
1000000000000005841,False,
1000000000000005842,False,
1000000000000005843,False,
1000000000000005844,False,
1000000000000005845,False,
1000000000000005846,False,
1000000000000005847,False,
1000000000000005848,False,
1000000000000005849,False,
1000000000000005850,False,
1000000000000005851,False,
1000000000000005852,False,
1000000000000005853,False,
1000000000000005854,False,
1000000000000005855,False,
1000000000000005856,False,
1000000000000005857,False,
1000000000000005858,False,
1000000000000005859,False,
1000000000000005860,False,
1000000000000005861,False,
1000000000000005862,False,
1000000000000005863,False,
1000000000000005864,False,
1000000000000005865,False,
1000000000000005866,False,
1000000000000005867,False,
1000000000000005868,False,
1000000000000005869,False,
1000000000000005870,False,
1000000000000005871,False,
1000000000000005872,False,
1000000000000005873,False,
1000000000000005874,False,
1000000000000005875,False,
1000000000000005876,False,
1000000000000005877,False,
1000000000000005878,False,
1000000000000005879,False,
1000000000000005880,False,
1000000000000005881,False,
1000000000000005882,False,
1000000000000005883,False,
1000000000000005884,False,
1000000000000005885,False,
1000000000000005886,False,
1000000000000005887,False,
1000000000000005888,False,
1000000000000005889,False,
1000000000000005890,False,
1000000000000005891,False,
1000000000000005892,False,
1000000000000005893,False,
1000000000000005894,False,
1000000000000005895,False,
1000000000000005896,False,
1000000000000005897,False,
1000000000000005898,False,
1000000000000005899,False,
1000000000000005900,False,
1000000000000005901,False,
1000000000000005902,False,
1000000000000005903,False,
1000000000000005904,False,
1000000000000005905,False,
1000000000000005906,False,
1000000000000005907,False,
1000000000000005908,False,
1000000000000005909,False,
1000000000000005910,False,
1000000000000005911,False,
1000000000000005912,False,
1000000000000005913,False,
1000000000000005914,False,
1000000000000005915,False,
1000000000000005916,False,
1000000000000005917,False,
1000000000000005918,False,
1000000000000005919,False,
1000000000000005920,False,
1000000000000005921,False,
1000000000000005922,False,
1000000000000005923,False,
1000000000000005924,False,
1000000000000005925,False,
1000000000000005926,False,
1000000000000005927,False,
1000000000000005928,False,
1000000000000005929,False,
1000000000000005930,False,
1000000000000005931,False,
1000000000000005932,False,
1000000000000005933,False,
1000000000000005934,False,
1000000000000005935,False,
1000000000000005936,False,
1000000000000005937,False,
1000000000000005938,False,
1000000000000005939,False,
1000000000000005940,False,
1000000000000005941,False,
1000000000000005942,False,
1000000000000005943,False,
1000000000000005944,False,
1000000000000005945,False,
1000000000000005946,False,
1000000000000005947,False,
1000000000000005948,False,
1000000000000005949,False,
1000000000000005950,False,
1000000000000005951,False,
1000000000000005952,False,
1000000000000005953,False,
1000000000000005954,False,
1000000000000005955,False,
1000000000000005956,False,
1000000000000005957,False,
1000000000000005958,False,
1000000000000005959,False,
1000000000000005960,False,
1000000000000005961,False,
1000000000000005962,False,
1000000000000005963,False,
1000000000000005964,False,
1000000000000005965,False,
1000000000000005966,False,
1000000000000005967,False,
1000000000000005968,False,
1000000000000005969,False,
1000000000000005970,False,
1000000000000005971,False,
1000000000000005972,False,
1000000000000005973,False,
1000000000000005974,False,
1000000000000005975,False,
1000000000000005976,False,
1000000000000005977,False,
1000000000000005978,False,
1000000000000005979,False,
1000000000000005980,False,
1000000000000005981,False,
1000000000000005982,False,
1000000000000005983,False,
1000000000000005984,False,
1000000000000005985,False,
1000000000000005986,False,
1000000000000005987,False,
1000000000000005988,False,
1000000000000005989,False,
1000000000000005990,False,
1000000000000005991,False,
1000000000000005992,False,
1000000000000005993,False,
1000000000000005994,False,
1000000000000005995,False,
1000000000000005996,False,
1000000000000005997,False,
1000000000000005998,False,
1000000000000005999,False,
1000000000000006000,False,
1000000000000006001,False,
1000000000000006002,False,
1000000000000006003,False,
1000000000000006004,False,
1000000000000006005,False,
1000000000000006006,False,
1000000000000006007,False,
1000000000000006008,False,
1000000000000006009,False,
1000000000000006010,False,
1000000000000006011,False,
1000000000000006012,False,
1000000000000006013,False,
1000000000000006014,False,
1000000000000006015,False,
1000000000000006016,False,
1000000000000006017,False,
1000000000000006018,False,
1000000000000006019,False,
1000000000000006020,False,
1000000000000006021,False,
1000000000000006022,False,
1000000000000006023,False,
1000000000000006024,False,
1000000000000006025,False,
1000000000000006026,False,
1000000000000006027,False,
1000000000000006028,False,
1000000000000006029,False,
1000000000000006030,False,
1000000000000006031,False,
1000000000000006032,False,
1000000000000006033,False,
1000000000000006034,False,
1000000000000006035,False,
1000000000000006036,False,
1000000000000006037,False,
1000000000000006038,False,
1000000000000006039,False,
1000000000000006040,False,
1000000000000006041,False,
1000000000000006042,False,
1000000000000006043,False,
1000000000000006044,False,
1000000000000006045,False,
1000000000000006046,False,
1000000000000006047,False,
1000000000000006048,False,
1000000000000006049,False,
1000000000000006050,False,
1000000000000006051,False,
1000000000000006052,False,
1000000000000006053,False,
1000000000000006054,False,
1000000000000006055,False,
1000000000000006056,False,
1000000000000006057,False,
1000000000000006058,False,
1000000000000006059,False,
1000000000000006060,False,
1000000000000006061,False,
1000000000000006062,False,
1000000000000006063,False,
1000000000000006064,False,
1000000000000006065,False,
1000000000000006066,False,
1000000000000006067,False,
1000000000000006068,False,
1000000000000006069,False,
1000000000000006070,False,
1000000000000006071,False,
1000000000000006072,False,
1000000000000006073,False,
1000000000000006074,False,
1000000000000006075,False,
1000000000000006076,False,
1000000000000006077,False,
1000000000000006078,False,
1000000000000006079,False,
1000000000000006080,False,
1000000000000006081,False,
1000000000000006082,False,
1000000000000006083,False,
1000000000000006084,False,
1000000000000006085,False,
1000000000000006086,False,
1000000000000006087,False,
1000000000000006088,False,
1000000000000006089,False,
1000000000000006090,False,
1000000000000006091,False,
1000000000000006092,False,
1000000000000006093,False,
1000000000000006094,False,
1000000000000006095,False,
1000000000000006096,False,
1000000000000006097,False,
1000000000000006098,False,
1000000000000006099,False,
1000000000000006100,False,
1000000000000006101,False,
1000000000000006102,False,
1000000000000006103,False,
1000000000000006104,False,
1000000000000006105,False,
1000000000000006106,False,
1000000000000006107,False,
1000000000000006108,False,
1000000000000006109,False,
1000000000000006110,False,
1000000000000006111,False,
1000000000000006112,False,
1000000000000006113,False,
1000000000000006114,False,
1000000000000006115,False,
1000000000000006116,False,
1000000000000006117,False,
1000000000000006118,False,
1000000000000006119,False,
1000000000000006120,False,
1000000000000006121,False,
1000000000000006122,False,
1000000000000006123,False,
1000000000000006124,False,
1000000000000006125,False,
1000000000000006126,False,
1000000000000006127,False,
1000000000000006128,False,
1000000000000006129,False,
1000000000000006130,False,
1000000000000006131,False,
1000000000000006132,False,
1000000000000006133,False,
1000000000000006134,False,
1000000000000006135,False,
1000000000000006136,False,
1000000000000006137,False,
1000000000000006138,False,
1000000000000006139,False,
1000000000000006140,False,
1000000000000006141,False,
1000000000000006142,False,
1000000000000006143,False,
1000000000000006144,False,
1000000000000006145,False,
1000000000000006146,False,
1000000000000006147,False,
1000000000000006148,False,
1000000000000006149,False,
1000000000000006150,False,
1000000000000006151,False,
1000000000000006152,False,
1000000000000006153,False,
1000000000000006154,False,
1000000000000006155,False,
1000000000000006156,False,
1000000000000006157,False,
1000000000000006158,False,
1000000000000006159,False,
1000000000000006160,False,
1000000000000006161,False,
1000000000000006162,False,
1000000000000006163,False,
1000000000000006164,False,
1000000000000006165,False,
1000000000000006166,False,
1000000000000006167,False,
1000000000000006168,False,
1000000000000006169,False,
1000000000000006170,False,
1000000000000006171,False,
1000000000000006172,False,
1000000000000006173,False,
1000000000000006174,False,
1000000000000006175,False,
1000000000000006176,False,
1000000000000006177,False,
1000000000000006178,False,
1000000000000006179,False,
1000000000000006180,False,
1000000000000006181,False,
1000000000000006182,False,
1000000000000006183,False,
1000000000000006184,False,
1000000000000006185,False,
1000000000000006186,False,
1000000000000006187,False,
1000000000000006188,False,
1000000000000006189,False,
1000000000000006190,False,
1000000000000006191,False,
1000000000000006192,False,
1000000000000006193,False,
1000000000000006194,False,
1000000000000006195,False,
1000000000000006196,False,
1000000000000006197,False,
1000000000000006198,False,
1000000000000006199,False,
1000000000000006200,False,
1000000000000006201,False,
1000000000000006202,False,
1000000000000006203,False,
1000000000000006204,False,
1000000000000006205,False,
1000000000000006206,False,
1000000000000006207,False,
1000000000000006208,False,
1000000000000006209,False,
1000000000000006210,False,
1000000000000006211,False,
1000000000000006212,False,
1000000000000006213,False,
1000000000000006214,False,
1000000000000006215,False,
1000000000000006216,False,
1000000000000006217,False,
1000000000000006218,False,
1000000000000006219,False,
1000000000000006220,False,
1000000000000006221,False,
1000000000000006222,False,
1000000000000006223,False,
1000000000000006224,False,
1000000000000006225,False,
1000000000000006226,False,
1000000000000006227,False,
1000000000000006228,False,
1000000000000006229,False,
1000000000000006230,False,
1000000000000006231,False,
1000000000000006232,False,
1000000000000006233,False,
1000000000000006234,False,
1000000000000006235,False,
1000000000000006236,False,
1000000000000006237,False,
1000000000000006238,False,
1000000000000006239,False,
1000000000000006240,False,
1000000000000006241,False,
1000000000000006242,False,
1000000000000006243,False,
1000000000000006244,False,
1000000000000006245,False,
1000000000000006246,False,
1000000000000006247,False,
1000000000000006248,False,
1000000000000006249,False,
1000000000000006250,False,
1000000000000006251,False,
1000000000000006252,False,
1000000000000006253,False,
1000000000000006254,False,
1000000000000006255,False,
1000000000000006256,False,
1000000000000006257,False,
1000000000000006258,False,
1000000000000006259,False,
1000000000000006260,False,
1000000000000006261,False,
1000000000000006262,False,
1000000000000006263,False,
1000000000000006264,False,
1000000000000006265,False,
1000000000000006266,False,
1000000000000006267,False,
1000000000000006268,False,
1000000000000006269,False,
1000000000000006270,False,
1000000000000006271,False,
1000000000000006272,False,
1000000000000006273,False,
1000000000000006274,False,
1000000000000006275,False,
1000000000000006276,False,
1000000000000006277,False,
1000000000000006278,False,
1000000000000006279,False,
1000000000000006280,False,
1000000000000006281,False,
1000000000000006282,False,
1000000000000006283,False,
1000000000000006284,False,
1000000000000006285,False,
1000000000000006286,False,
1000000000000006287,False,
1000000000000006288,False,
1000000000000006289,False,
1000000000000006290,False,
1000000000000006291,False,
1000000000000006292,False,
1000000000000006293,False,
1000000000000006294,False,
1000000000000006295,False,
1000000000000006296,False,
1000000000000006297,False,
1000000000000006298,False,
1000000000000006299,False,
1000000000000006300,False,
1000000000000006301,False,
1000000000000006302,False,
1000000000000006303,False,
1000000000000006304,False,
1000000000000006305,False,
1000000000000006306,False,
1000000000000006307,False,
1000000000000006308,False,
1000000000000006309,False,
1000000000000006310,False,
1000000000000006311,False,
1000000000000006312,False,
1000000000000006313,False,
1000000000000006314,False,
1000000000000006315,False,
1000000000000006316,False,
1000000000000006317,False,
1000000000000006318,False,
1000000000000006319,False,
1000000000000006320,False,
1000000000000006321,False,
1000000000000006322,False,
1000000000000006323,False,
1000000000000006324,False,
1000000000000006325,False,
1000000000000006326,False,
1000000000000006327,False,
1000000000000006328,False,
1000000000000006329,False,
1000000000000006330,False,
1000000000000006331,False,
1000000000000006332,False,
1000000000000006333,False,
1000000000000006334,False,
1000000000000006335,False,
1000000000000006336,False,
1000000000000006337,False,
1000000000000006338,False,
1000000000000006339,False,
1000000000000006340,False,
1000000000000006341,False,
1000000000000006342,False,
1000000000000006343,False,
1000000000000006344,False,
1000000000000006345,False,
1000000000000006346,False,
1000000000000006347,False,
1000000000000006348,False,
1000000000000006349,False,
1000000000000006350,False,
1000000000000006351,False,
1000000000000006352,False,
1000000000000006353,False,
1000000000000006354,False,
1000000000000006355,False,
1000000000000006356,False,
1000000000000006357,False,
1000000000000006358,False,
1000000000000006359,False,
1000000000000006360,False,
1000000000000006361,False,
1000000000000006362,False,
1000000000000006363,False,
1000000000000006364,False,
1000000000000006365,False,
1000000000000006366,False,
1000000000000006367,False,
1000000000000006368,False,
1000000000000006369,False,
1000000000000006370,False,
1000000000000006371,False,
1000000000000006372,False,
1000000000000006373,False,
1000000000000006374,False,
1000000000000006375,False,
1000000000000006376,False,
1000000000000006377,False,
1000000000000006378,False,
1000000000000006379,False,
1000000000000006380,False,
1000000000000006381,False,
1000000000000006382,False,
1000000000000006383,False,
1000000000000006384,False,
1000000000000006385,False,
1000000000000006386,False,
1000000000000006387,False,
1000000000000006388,False,
1000000000000006389,False,
1000000000000006390,False,
1000000000000006391,False,
1000000000000006392,False,
1000000000000006393,False,
1000000000000006394,False,
1000000000000006395,False,
1000000000000006396,False,
1000000000000006397,False,
1000000000000006398,False,
1000000000000006399,False,
1000000000000006400,False,
1000000000000006401,False,
1000000000000006402,False,
1000000000000006403,False,
1000000000000006404,False,
1000000000000006405,False,
1000000000000006406,False,
1000000000000006407,False,
1000000000000006408,False,
1000000000000006409,False,
1000000000000006410,False,
1000000000000006411,False,
1000000000000006412,False,
1000000000000006413,False,
1000000000000006414,False,
1000000000000006415,False,
1000000000000006416,False,
1000000000000006417,False,
1000000000000006418,False,
1000000000000006419,False,
1000000000000006420,False,
1000000000000006421,False,
1000000000000006422,False,
1000000000000006423,False,
1000000000000006424,False,
1000000000000006425,False,
1000000000000006426,False,
1000000000000006427,False,
1000000000000006428,False,
1000000000000006429,False,
1000000000000006430,False,
1000000000000006431,False,
1000000000000006432,False,
1000000000000006433,False,
1000000000000006434,False,
1000000000000006435,False,
1000000000000006436,False,
1000000000000006437,False,
1000000000000006438,False,
1000000000000006439,False,
1000000000000006440,False,
1000000000000006441,False,
1000000000000006442,False,
1000000000000006443,False,
1000000000000006444,False,
1000000000000006445,False,
1000000000000006446,False,
1000000000000006447,False,
1000000000000006448,False,
1000000000000006449,False,
1000000000000006450,False,
1000000000000006451,False,
1000000000000006452,False,
1000000000000006453,False,
1000000000000006454,False,
1000000000000006455,False,
1000000000000006456,False,
1000000000000006457,False,
1000000000000006458,False,
1000000000000006459,False,
1000000000000006460,False,
1000000000000006461,False,
1000000000000006462,False,
1000000000000006463,False,
1000000000000006464,False,
1000000000000006465,False,
1000000000000006466,False,
1000000000000006467,False,
1000000000000006468,False,
1000000000000006469,False,
1000000000000006470,False,
1000000000000006471,False,
1000000000000006472,False,
1000000000000006473,False,
1000000000000006474,False,
1000000000000006475,False,
1000000000000006476,False,
1000000000000006477,False,
1000000000000006478,False,
1000000000000006479,False,
1000000000000006480,False,
1000000000000006481,False,
1000000000000006482,False,
1000000000000006483,False,
1000000000000006484,False,
1000000000000006485,False,
1000000000000006486,False,
1000000000000006487,False,
1000000000000006488,False,
1000000000000006489,False,
1000000000000006490,False,
1000000000000006491,False,
1000000000000006492,False,
1000000000000006493,False,
1000000000000006494,False,
1000000000000006495,False,
1000000000000006496,False,
1000000000000006497,False,
1000000000000006498,False,
1000000000000006499,False,
1000000000000006500,False,
1000000000000006501,False,
1000000000000006502,False,
1000000000000006503,False,
1000000000000006504,False,
1000000000000006505,False,
1000000000000006506,False,
1000000000000006507,False,
1000000000000006508,False,
1000000000000006509,False,
1000000000000006510,False,
1000000000000006511,False,
1000000000000006512,False,
1000000000000006513,False,
1000000000000006514,False,
1000000000000006515,False,
1000000000000006516,False,
1000000000000006517,False,
1000000000000006518,False,
1000000000000006519,False,
1000000000000006520,False,
1000000000000006521,False,
1000000000000006522,False,
1000000000000006523,False,
1000000000000006524,False,
1000000000000006525,False,
1000000000000006526,False,
1000000000000006527,False,
1000000000000006528,False,
1000000000000006529,False,
1000000000000006530,False,
1000000000000006531,False,
1000000000000006532,False,
1000000000000006533,False,
1000000000000006534,False,
1000000000000006535,False,
1000000000000006536,False,
1000000000000006537,False,
1000000000000006538,False,
1000000000000006539,False,
1000000000000006540,False,
1000000000000006541,False,
1000000000000006542,False,
1000000000000006543,False,
1000000000000006544,False,
1000000000000006545,False,
1000000000000006546,False,
1000000000000006547,False,
1000000000000006548,False,
1000000000000006549,False,
1000000000000006550,False,
1000000000000006551,False,
1000000000000006552,False,
1000000000000006553,False,
1000000000000006554,False,
1000000000000006555,False,
1000000000000006556,False,
1000000000000006557,False,
1000000000000006558,False,
1000000000000006559,False,
1000000000000006560,False,
1000000000000006561,False,
1000000000000006562,False,
1000000000000006563,False,
1000000000000006564,False,
1000000000000006565,False,
1000000000000006566,False,
1000000000000006567,False,
1000000000000006568,False,
1000000000000006569,False,
1000000000000006570,False,
1000000000000006571,False,
1000000000000006572,False,
1000000000000006573,False,
1000000000000006574,False,
1000000000000006575,False,
1000000000000006576,False,
1000000000000006577,False,
1000000000000006578,False,
1000000000000006579,False,
1000000000000006580,False,
1000000000000006581,False,
1000000000000006582,False,
1000000000000006583,False,
1000000000000006584,False,
1000000000000006585,False,
1000000000000006586,False,
1000000000000006587,False,
1000000000000006588,False,
1000000000000006589,False,
1000000000000006590,False,
1000000000000006591,False,
1000000000000006592,False,
1000000000000006593,False,
1000000000000006594,False,
1000000000000006595,False,
1000000000000006596,False,
1000000000000006597,False,
1000000000000006598,False,
1000000000000006599,False,
1000000000000006600,False,
1000000000000006601,False,
1000000000000006602,False,
1000000000000006603,False,
1000000000000006604,False,
1000000000000006605,False,
1000000000000006606,False,
1000000000000006607,False,
1000000000000006608,False,
1000000000000006609,False,
1000000000000006610,False,
1000000000000006611,False,
1000000000000006612,False,
1000000000000006613,False,
1000000000000006614,False,
1000000000000006615,False,
1000000000000006616,False,
1000000000000006617,False,
1000000000000006618,False,
1000000000000006619,False,
1000000000000006620,False,
1000000000000006621,False,
1000000000000006622,False,
1000000000000006623,False,
1000000000000006624,False,
1000000000000006625,False,
1000000000000006626,False,
1000000000000006627,False,
1000000000000006628,False,
1000000000000006629,False,
1000000000000006630,False,
1000000000000006631,False,
1000000000000006632,False,
1000000000000006633,False,
1000000000000006634,False,
1000000000000006635,False,
1000000000000006636,False,
1000000000000006637,False,
1000000000000006638,False,
1000000000000006639,False,
1000000000000006640,False,
1000000000000006641,False,
1000000000000006642,False,
1000000000000006643,False,
1000000000000006644,False,
1000000000000006645,False,
1000000000000006646,False,
1000000000000006647,False,
1000000000000006648,False,
1000000000000006649,False,
1000000000000006650,False,
1000000000000006651,False,
1000000000000006652,False,
1000000000000006653,False,
1000000000000006654,False,
1000000000000006655,False,
1000000000000006656,False,
1000000000000006657,False,
1000000000000006658,False,
1000000000000006659,False,
1000000000000006660,False,
1000000000000006661,False,
1000000000000006662,False,
1000000000000006663,False,
1000000000000006664,False,
1000000000000006665,False,
1000000000000006666,False,
1000000000000006667,False,
1000000000000006668,False,
1000000000000006669,False,
1000000000000006670,False,
1000000000000006671,False,
1000000000000006672,False,
1000000000000006673,False,
1000000000000006674,False,
1000000000000006675,False,
1000000000000006676,False,
1000000000000006677,False,
1000000000000006678,False,
1000000000000006679,False,
1000000000000006680,False,
1000000000000006681,False,
1000000000000006682,False,
1000000000000006683,False,
1000000000000006684,False,
1000000000000006685,False,
1000000000000006686,False,
1000000000000006687,False,
1000000000000006688,False,
1000000000000006689,False,
1000000000000006690,False,
1000000000000006691,False,
1000000000000006692,False,
1000000000000006693,False,
1000000000000006694,False,
1000000000000006695,False,
1000000000000006696,False,
1000000000000006697,False,
1000000000000006698,False,
1000000000000006699,False,
1000000000000006700,False,
1000000000000006701,False,
1000000000000006702,False,
1000000000000006703,False,
1000000000000006704,False,
1000000000000006705,False,
1000000000000006706,False,
1000000000000006707,False,
1000000000000006708,False,
1000000000000006709,False,
1000000000000006710,False,
1000000000000006711,False,
1000000000000006712,False,
1000000000000006713,False,
1000000000000006714,False,
1000000000000006715,False,
1000000000000006716,False,
1000000000000006717,False,
1000000000000006718,False,
1000000000000006719,False,
1000000000000006720,False,
1000000000000006721,False,
1000000000000006722,False,
1000000000000006723,False,
1000000000000006724,False,
1000000000000006725,False,
1000000000000006726,False,
1000000000000006727,False,
1000000000000006728,False,
1000000000000006729,False,
1000000000000006730,False,
1000000000000006731,False,
1000000000000006732,False,
1000000000000006733,False,
1000000000000006734,False,
1000000000000006735,False,
1000000000000006736,False,
1000000000000006737,False,
1000000000000006738,False,
1000000000000006739,False,
1000000000000006740,False,
1000000000000006741,False,
1000000000000006742,False,
1000000000000006743,False,
1000000000000006744,False,
1000000000000006745,False,
1000000000000006746,False,
1000000000000006747,False,
1000000000000006748,False,
1000000000000006749,False,
1000000000000006750,False,
1000000000000006751,False,
1000000000000006752,False,
1000000000000006753,False,
1000000000000006754,False,
1000000000000006755,False,
1000000000000006756,False,
1000000000000006757,False,
1000000000000006758,False,
1000000000000006759,False,
1000000000000006760,False,
1000000000000006761,False,
1000000000000006762,False,
1000000000000006763,False,
1000000000000006764,False,
1000000000000006765,False,
1000000000000006766,False,
1000000000000006767,False,
1000000000000006768,False,
1000000000000006769,False,
1000000000000006770,False,
1000000000000006771,False,
1000000000000006772,False,
1000000000000006773,False,
1000000000000006774,False,
1000000000000006775,False,
1000000000000006776,False,
1000000000000006777,False,
1000000000000006778,False,
1000000000000006779,False,
1000000000000006780,False,
1000000000000006781,False,
1000000000000006782,False,
1000000000000006783,False,
1000000000000006784,False,
1000000000000006785,False,
1000000000000006786,False,
1000000000000006787,False,
1000000000000006788,False,
1000000000000006789,False,
1000000000000006790,False,
1000000000000006791,False,
1000000000000006792,False,
1000000000000006793,False,
1000000000000006794,False,
1000000000000006795,False,
1000000000000006796,False,
1000000000000006797,False,
1000000000000006798,False,
1000000000000006799,False,
1000000000000006800,False,
1000000000000006801,False,
1000000000000006802,False,
1000000000000006803,False,
1000000000000006804,False,
1000000000000006805,False,
1000000000000006806,False,
1000000000000006807,False,
1000000000000006808,False,
1000000000000006809,False,
1000000000000006810,False,
1000000000000006811,False,
1000000000000006812,False,
1000000000000006813,False,
1000000000000006814,False,
1000000000000006815,False,
1000000000000006816,False,
1000000000000006817,False,
1000000000000006818,False,
1000000000000006819,False,
1000000000000006820,False,
1000000000000006821,False,
1000000000000006822,False,
1000000000000006823,False,
1000000000000006824,False,
1000000000000006825,False,
1000000000000006826,False,
1000000000000006827,False,
1000000000000006828,False,
1000000000000006829,False,
1000000000000006830,False,
1000000000000006831,False,
1000000000000006832,False,
1000000000000006833,False,
1000000000000006834,False,
1000000000000006835,False,
1000000000000006836,False,
1000000000000006837,False,
1000000000000006838,False,
1000000000000006839,False,
1000000000000006840,False,
1000000000000006841,False,
1000000000000006842,False,
1000000000000006843,False,
1000000000000006844,False,
1000000000000006845,False,
1000000000000006846,False,
1000000000000006847,False,
1000000000000006848,False,
1000000000000006849,False,
1000000000000006850,False,
1000000000000006851,False,
1000000000000006852,False,
1000000000000006853,False,
1000000000000006854,False,
1000000000000006855,False,
1000000000000006856,False,
1000000000000006857,False,
1000000000000006858,False,
1000000000000006859,False,
1000000000000006860,False,
1000000000000006861,False,
1000000000000006862,False,
1000000000000006863,False,
1000000000000006864,False,
1000000000000006865,False,
1000000000000006866,False,
1000000000000006867,False,
1000000000000006868,False,
1000000000000006869,False,
1000000000000006870,False,
1000000000000006871,False,
1000000000000006872,False,
1000000000000006873,False,
1000000000000006874,False,
1000000000000006875,False,
1000000000000006876,False,
1000000000000006877,False,
1000000000000006878,False,
1000000000000006879,False,
1000000000000006880,False,
1000000000000006881,False,
1000000000000006882,False,
1000000000000006883,False,
1000000000000006884,False,
1000000000000006885,False,
1000000000000006886,False,
1000000000000006887,False,
1000000000000006888,False,
1000000000000006889,False,
1000000000000006890,False,
1000000000000006891,False,
1000000000000006892,False,
1000000000000006893,False,
1000000000000006894,False,
1000000000000006895,False,
1000000000000006896,False,
1000000000000006897,False,
1000000000000006898,False,
1000000000000006899,False,
1000000000000006900,False,
1000000000000006901,False,
1000000000000006902,False,
1000000000000006903,False,
1000000000000006904,False,
1000000000000006905,False,
1000000000000006906,False,
1000000000000006907,False,
1000000000000006908,False,
1000000000000006909,False,
1000000000000006910,False,
1000000000000006911,False,
1000000000000006912,False,
1000000000000006913,False,
1000000000000006914,False,
1000000000000006915,False,
1000000000000006916,False,
1000000000000006917,False,
1000000000000006918,False,
1000000000000006919,False,
1000000000000006920,False,
1000000000000006921,False,
1000000000000006922,False,
1000000000000006923,False,
1000000000000006924,False,
1000000000000006925,False,
1000000000000006926,False,
1000000000000006927,False,
1000000000000006928,False,
1000000000000006929,False,
1000000000000006930,False,
1000000000000006931,False,
1000000000000006932,False,
1000000000000006933,False,
1000000000000006934,False,
1000000000000006935,False,
1000000000000006936,False,
1000000000000006937,False,
1000000000000006938,False,
1000000000000006939,False,
1000000000000006940,False,
1000000000000006941,False,
1000000000000006942,False,
1000000000000006943,False,
1000000000000006944,False,
1000000000000006945,False,
1000000000000006946,False,
1000000000000006947,False,
1000000000000006948,False,
1000000000000006949,False,
1000000000000006950,False,
1000000000000006951,False,
1000000000000006952,False,
1000000000000006953,False,
1000000000000006954,False,
1000000000000006955,False,
1000000000000006956,False,
1000000000000006957,False,
1000000000000006958,False,
1000000000000006959,False,
1000000000000006960,False,
1000000000000006961,False,
1000000000000006962,False,
1000000000000006963,False,
1000000000000006964,False,
1000000000000006965,False,
1000000000000006966,False,
1000000000000006967,False,
1000000000000006968,False,
1000000000000006969,False,
1000000000000006970,False,
1000000000000006971,False,
1000000000000006972,False,
1000000000000006973,False,
1000000000000006974,False,
1000000000000006975,False,
1000000000000006976,False,
1000000000000006977,False,
1000000000000006978,False,
1000000000000006979,False,
1000000000000006980,False,
1000000000000006981,False,
1000000000000006982,False,
1000000000000006983,False,
1000000000000006984,False,
1000000000000006985,False,
1000000000000006986,False,
1000000000000006987,False,
1000000000000006988,False,
1000000000000006989,False,
1000000000000006990,False,
1000000000000006991,False,
1000000000000006992,False,
1000000000000006993,False,
1000000000000006994,False,
1000000000000006995,False,
1000000000000006996,False,
1000000000000006997,False,
1000000000000006998,False,
1000000000000006999,False,
1000000000000007000,False,
1000000000000007001,False,
1000000000000007002,False,
1000000000000007003,False,
1000000000000007004,False,
1000000000000007005,False,
1000000000000007006,False,
1000000000000007007,False,
1000000000000007008,False,
1000000000000007009,False,
1000000000000007010,False,
1000000000000007011,False,
1000000000000007012,False,
1000000000000007013,False,
1000000000000007014,False,
1000000000000007015,False,
1000000000000007016,False,
1000000000000007017,False,
1000000000000007018,False,
1000000000000007019,False,
1000000000000007020,False,
1000000000000007021,False,
1000000000000007022,False,
1000000000000007023,False,
1000000000000007024,False,
1000000000000007025,False,
1000000000000007026,False,
1000000000000007027,False,
1000000000000007028,False,
1000000000000007029,False,
1000000000000007030,False,
1000000000000007031,False,
1000000000000007032,False,
1000000000000007033,False,
1000000000000007034,False,
1000000000000007035,False,
1000000000000007036,False,
1000000000000007037,False,
1000000000000007038,False,
1000000000000007039,False,
1000000000000007040,False,
1000000000000007041,False,
1000000000000007042,False,
1000000000000007043,False,
1000000000000007044,False,
1000000000000007045,False,
1000000000000007046,False,
1000000000000007047,False,
1000000000000007048,False,
1000000000000007049,False,
1000000000000007050,False,
1000000000000007051,False,
1000000000000007052,False,
1000000000000007053,False,
1000000000000007054,False,
1000000000000007055,False,
1000000000000007056,False,
1000000000000007057,False,
1000000000000007058,False,
1000000000000007059,False,
1000000000000007060,False,
1000000000000007061,False,
1000000000000007062,False,
1000000000000007063,False,
1000000000000007064,False,
1000000000000007065,False,
1000000000000007066,False,
1000000000000007067,False,
1000000000000007068,False,
1000000000000007069,False,
1000000000000007070,False,
1000000000000007071,False,
1000000000000007072,False,
1000000000000007073,False,
1000000000000007074,False,
1000000000000007075,False,
1000000000000007076,False,
1000000000000007077,False,
1000000000000007078,False,
1000000000000007079,False,
1000000000000007080,False,
1000000000000007081,False,
1000000000000007082,False,
1000000000000007083,False,
1000000000000007084,False,
1000000000000007085,False,
1000000000000007086,False,
1000000000000007087,False,
1000000000000007088,False,
1000000000000007089,False,
1000000000000007090,False,
1000000000000007091,False,
1000000000000007092,False,
1000000000000007093,False,
1000000000000007094,False,
1000000000000007095,False,
1000000000000007096,False,
1000000000000007097,False,
1000000000000007098,False,
1000000000000007099,False,
1000000000000007100,False,
1000000000000007101,False,
1000000000000007102,False,
1000000000000007103,False,
1000000000000007104,False,
1000000000000007105,False,
1000000000000007106,False,
1000000000000007107,False,
1000000000000007108,False,
1000000000000007109,False,
1000000000000007110,False,
1000000000000007111,False,
1000000000000007112,False,
1000000000000007113,False,
1000000000000007114,False,
1000000000000007115,False,
1000000000000007116,False,
1000000000000007117,False,
1000000000000007118,False,
1000000000000007119,False,
1000000000000007120,False,
1000000000000007121,False,
1000000000000007122,False,
1000000000000007123,False,
1000000000000007124,False,
1000000000000007125,False,
1000000000000007126,False,
1000000000000007127,False,
1000000000000007128,False,
1000000000000007129,False,
1000000000000007130,False,
1000000000000007131,False,
1000000000000007132,False,
1000000000000007133,False,
1000000000000007134,False,
1000000000000007135,False,
1000000000000007136,False,
1000000000000007137,False,
1000000000000007138,False,
1000000000000007139,False,
1000000000000007140,False,
1000000000000007141,False,
1000000000000007142,False,
1000000000000007143,False,
1000000000000007144,False,
1000000000000007145,False,
1000000000000007146,False,
1000000000000007147,False,
1000000000000007148,False,
1000000000000007149,False,
1000000000000007150,False,
1000000000000007151,False,
1000000000000007152,False,
1000000000000007153,False,
1000000000000007154,False,
1000000000000007155,False,
1000000000000007156,False,
1000000000000007157,False,
1000000000000007158,False,
1000000000000007159,False,
1000000000000007160,False,
1000000000000007161,False,
1000000000000007162,False,
1000000000000007163,False,
1000000000000007164,False,
1000000000000007165,False,
1000000000000007166,False,
1000000000000007167,False,
1000000000000007168,False,
1000000000000007169,False,
1000000000000007170,False,
1000000000000007171,False,
1000000000000007172,False,
1000000000000007173,False,
1000000000000007174,False,
1000000000000007175,False,
1000000000000007176,False,
1000000000000007177,False,
1000000000000007178,False,
1000000000000007179,False,
1000000000000007180,False,
1000000000000007181,False,
1000000000000007182,False,
1000000000000007183,False,
1000000000000007184,False,
1000000000000007185,False,
1000000000000007186,False,
1000000000000007187,False,
1000000000000007188,False,
1000000000000007189,False,
1000000000000007190,False,
1000000000000007191,False,
1000000000000007192,False,
1000000000000007193,False,
1000000000000007194,False,
1000000000000007195,False,
1000000000000007196,False,
1000000000000007197,False,
1000000000000007198,False,
1000000000000007199,False,
1000000000000007200,False,
1000000000000007201,False,
1000000000000007202,False,
1000000000000007203,False,
1000000000000007204,False,
1000000000000007205,False,
1000000000000007206,False,
1000000000000007207,False,
1000000000000007208,False,
1000000000000007209,False,
1000000000000007210,False,
1000000000000007211,False,
1000000000000007212,False,
1000000000000007213,False,
1000000000000007214,False,
1000000000000007215,False,
1000000000000007216,False,
1000000000000007217,False,
1000000000000007218,False,
1000000000000007219,False,
1000000000000007220,False,
1000000000000007221,False,
1000000000000007222,False,
1000000000000007223,False,
1000000000000007224,False,
1000000000000007225,False,
1000000000000007226,False,
1000000000000007227,False,
1000000000000007228,False,
1000000000000007229,False,
1000000000000007230,False,
1000000000000007231,False,
1000000000000007232,False,
1000000000000007233,False,
1000000000000007234,False,
1000000000000007235,False,
1000000000000007236,False,
1000000000000007237,False,
1000000000000007238,False,
1000000000000007239,False,
1000000000000007240,False,
1000000000000007241,False,
1000000000000007242,False,
1000000000000007243,False,
1000000000000007244,False,
1000000000000007245,False,
1000000000000007246,False,
1000000000000007247,False,
1000000000000007248,False,
1000000000000007249,False,
1000000000000007250,False,
1000000000000007251,False,
1000000000000007252,False,
1000000000000007253,False,
1000000000000007254,False,
1000000000000007255,False,
1000000000000007256,False,
1000000000000007257,False,
1000000000000007258,False,
1000000000000007259,False,
1000000000000007260,False,
1000000000000007261,False,
1000000000000007262,False,
1000000000000007263,False,
1000000000000007264,False,
1000000000000007265,False,
1000000000000007266,False,
1000000000000007267,False,
1000000000000007268,False,
1000000000000007269,False,
1000000000000007270,False,
1000000000000007271,False,
1000000000000007272,False,
1000000000000007273,False,
1000000000000007274,False,
1000000000000007275,False,
1000000000000007276,False,
1000000000000007277,False,
1000000000000007278,False,
1000000000000007279,False,
1000000000000007280,False,
1000000000000007281,False,
1000000000000007282,False,
1000000000000007283,False,
1000000000000007284,False,
1000000000000007285,False,
1000000000000007286,False,
1000000000000007287,False,
1000000000000007288,False,
1000000000000007289,False,
1000000000000007290,False,
1000000000000007291,False,
1000000000000007292,False,
1000000000000007293,False,
1000000000000007294,False,
1000000000000007295,False,
1000000000000007296,False,
1000000000000007297,False,
1000000000000007298,False,
1000000000000007299,False,
1000000000000007300,False,
1000000000000007301,False,
1000000000000007302,False,
1000000000000007303,False,
1000000000000007304,False,
1000000000000007305,False,
1000000000000007306,False,
1000000000000007307,False,
1000000000000007308,False,
1000000000000007309,False,
1000000000000007310,False,
1000000000000007311,False,
1000000000000007312,False,
1000000000000007313,False,
1000000000000007314,False,
1000000000000007315,False,
1000000000000007316,False,
1000000000000007317,False,
1000000000000007318,False,
1000000000000007319,False,
1000000000000007320,False,
1000000000000007321,False,
1000000000000007322,False,
1000000000000007323,False,
1000000000000007324,False,
1000000000000007325,False,
1000000000000007326,False,
1000000000000007327,False,
1000000000000007328,False,
1000000000000007329,False,
1000000000000007330,False,
1000000000000007331,False,
1000000000000007332,False,
1000000000000007333,False,
1000000000000007334,False,
1000000000000007335,False,
1000000000000007336,False,
1000000000000007337,False,
1000000000000007338,False,
1000000000000007339,False,
1000000000000007340,False,
1000000000000007341,False,
1000000000000007342,False,
1000000000000007343,False,
1000000000000007344,False,
1000000000000007345,False,
1000000000000007346,False,
1000000000000007347,False,
1000000000000007348,False,
1000000000000007349,False,
1000000000000007350,False,
1000000000000007351,False,
1000000000000007352,False,
1000000000000007353,False,
1000000000000007354,False,
1000000000000007355,False,
1000000000000007356,False,
1000000000000007357,False,
1000000000000007358,False,
1000000000000007359,False,
1000000000000007360,False,
1000000000000007361,False,
1000000000000007362,False,
1000000000000007363,False,
1000000000000007364,False,
1000000000000007365,False,
1000000000000007366,False,
1000000000000007367,False,
1000000000000007368,False,
1000000000000007369,False,
1000000000000007370,False,
1000000000000007371,False,
1000000000000007372,False,
1000000000000007373,False,
1000000000000007374,False,
1000000000000007375,False,
1000000000000007376,False,
1000000000000007377,False,
1000000000000007378,False,
1000000000000007379,False,
1000000000000007380,False,
1000000000000007381,False,
1000000000000007382,False,
1000000000000007383,False,
1000000000000007384,False,
1000000000000007385,False,
1000000000000007386,False,
1000000000000007387,False,
1000000000000007388,False,
1000000000000007389,False,
1000000000000007390,False,
1000000000000007391,False,
1000000000000007392,False,
1000000000000007393,False,
1000000000000007394,False,
1000000000000007395,False,
1000000000000007396,False,
1000000000000007397,False,
1000000000000007398,False,
1000000000000007399,False,
1000000000000007400,False,
1000000000000007401,False,
1000000000000007402,False,
1000000000000007403,False,
1000000000000007404,False,
1000000000000007405,False,
1000000000000007406,False,
1000000000000007407,False,
1000000000000007408,False,
1000000000000007409,False,
1000000000000007410,False,
1000000000000007411,False,
1000000000000007412,False,
1000000000000007413,False,
1000000000000007414,False,
1000000000000007415,False,
1000000000000007416,False,
1000000000000007417,False,
1000000000000007418,False,
1000000000000007419,False,
1000000000000007420,False,
1000000000000007421,False,
1000000000000007422,False,
1000000000000007423,False,
1000000000000007424,False,
1000000000000007425,False,
1000000000000007426,False,
1000000000000007427,False,
1000000000000007428,False,
1000000000000007429,False,
1000000000000007430,False,
1000000000000007431,False,
1000000000000007432,False,
1000000000000007433,False,
1000000000000007434,False,
1000000000000007435,False,
1000000000000007436,False,
1000000000000007437,False,
1000000000000007438,False,
1000000000000007439,False,
1000000000000007440,False,
1000000000000007441,False,
1000000000000007442,False,
1000000000000007443,False,
1000000000000007444,False,
1000000000000007445,False,
1000000000000007446,False,
1000000000000007447,False,
1000000000000007448,False,
1000000000000007449,False,
1000000000000007450,False,
1000000000000007451,False,
1000000000000007452,False,
1000000000000007453,False,
1000000000000007454,False,
1000000000000007455,False,
1000000000000007456,False,
1000000000000007457,False,
1000000000000007458,False,
1000000000000007459,False,
1000000000000007460,False,
1000000000000007461,False,
1000000000000007462,False,
1000000000000007463,False,
1000000000000007464,False,
1000000000000007465,False,
1000000000000007466,False,
1000000000000007467,False,
1000000000000007468,False,
1000000000000007469,False,
1000000000000007470,False,
1000000000000007471,False,
1000000000000007472,False,
1000000000000007473,False,
1000000000000007474,False,
1000000000000007475,False,
1000000000000007476,False,
1000000000000007477,False,
1000000000000007478,False,
1000000000000007479,False,
1000000000000007480,False,
1000000000000007481,False,
1000000000000007482,False,
1000000000000007483,False,
1000000000000007484,False,
1000000000000007485,False,
1000000000000007486,False,
1000000000000007487,False,
1000000000000007488,False,
1000000000000007489,False,
1000000000000007490,False,
1000000000000007491,False,
1000000000000007492,False,
1000000000000007493,False,
1000000000000007494,False,
1000000000000007495,False,
1000000000000007496,False,
1000000000000007497,False,
1000000000000007498,False,
1000000000000007499,False,
1000000000000007500,False,
1000000000000007501,False,
1000000000000007502,False,
1000000000000007503,False,
1000000000000007504,False,
1000000000000007505,False,
1000000000000007506,False,
1000000000000007507,False,
1000000000000007508,False,
1000000000000007509,False,
1000000000000007510,False,
1000000000000007511,False,
1000000000000007512,False,
1000000000000007513,False,
1000000000000007514,False,
1000000000000007515,False,
1000000000000007516,False,
1000000000000007517,False,
1000000000000007518,False,
1000000000000007519,False,
1000000000000007520,False,
1000000000000007521,False,
1000000000000007522,False,
1000000000000007523,False,
1000000000000007524,False,
1000000000000007525,False,
1000000000000007526,False,
1000000000000007527,False,
1000000000000007528,False,
1000000000000007529,False,
1000000000000007530,False,
1000000000000007531,False,
1000000000000007532,False,
1000000000000007533,False,
1000000000000007534,False,
1000000000000007535,False,
1000000000000007536,False,
1000000000000007537,False,
1000000000000007538,False,
1000000000000007539,False,
1000000000000007540,False,
1000000000000007541,False,
1000000000000007542,False,
1000000000000007543,False,
1000000000000007544,False,
1000000000000007545,False,
1000000000000007546,False,
1000000000000007547,False,
1000000000000007548,False,
1000000000000007549,False,
1000000000000007550,False,
1000000000000007551,False,
1000000000000007552,False,
1000000000000007553,False,
1000000000000007554,False,
1000000000000007555,False,
1000000000000007556,False,
1000000000000007557,False,
1000000000000007558,False,
1000000000000007559,False,
1000000000000007560,False,
1000000000000007561,False,
1000000000000007562,False,
1000000000000007563,False,
1000000000000007564,False,
1000000000000007565,False,
1000000000000007566,False,
1000000000000007567,False,
1000000000000007568,False,
1000000000000007569,False,
1000000000000007570,False,
1000000000000007571,False,
1000000000000007572,False,
1000000000000007573,False,
1000000000000007574,False,
1000000000000007575,False,
1000000000000007576,False,
1000000000000007577,False,
1000000000000007578,False,
1000000000000007579,False,
1000000000000007580,False,
1000000000000007581,False,
1000000000000007582,False,
1000000000000007583,False,
1000000000000007584,False,
1000000000000007585,False,
1000000000000007586,False,
1000000000000007587,False,
1000000000000007588,False,
1000000000000007589,False,
1000000000000007590,False,
1000000000000007591,False,
1000000000000007592,False,
1000000000000007593,False,
1000000000000007594,False,
1000000000000007595,False,
1000000000000007596,False,
1000000000000007597,False,
1000000000000007598,False,
1000000000000007599,False,
1000000000000007600,False,
1000000000000007601,False,
1000000000000007602,False,
1000000000000007603,False,
1000000000000007604,False,
1000000000000007605,False,
1000000000000007606,False,
1000000000000007607,False,
1000000000000007608,False,
1000000000000007609,False,
1000000000000007610,False,
1000000000000007611,False,
1000000000000007612,False,
1000000000000007613,False,
1000000000000007614,False,
1000000000000007615,False,
1000000000000007616,False,
1000000000000007617,False,
1000000000000007618,False,
1000000000000007619,False,
1000000000000007620,False,
1000000000000007621,False,
1000000000000007622,False,
1000000000000007623,False,
1000000000000007624,False,
1000000000000007625,False,
1000000000000007626,False,
1000000000000007627,False,
1000000000000007628,False,
1000000000000007629,False,
1000000000000007630,False,
1000000000000007631,False,
1000000000000007632,False,
1000000000000007633,False,
1000000000000007634,False,
1000000000000007635,False,
1000000000000007636,False,
1000000000000007637,False,
1000000000000007638,False,
1000000000000007639,False,
1000000000000007640,False,
1000000000000007641,False,
1000000000000007642,False,
1000000000000007643,False,
1000000000000007644,False,
1000000000000007645,False,
1000000000000007646,False,
1000000000000007647,False,
1000000000000007648,False,
1000000000000007649,False,
1000000000000007650,False,
1000000000000007651,False,
1000000000000007652,False,
1000000000000007653,False,
1000000000000007654,False,
1000000000000007655,False,
1000000000000007656,False,
1000000000000007657,False,
1000000000000007658,False,
1000000000000007659,False,
1000000000000007660,False,
1000000000000007661,False,
1000000000000007662,False,
1000000000000007663,False,
1000000000000007664,False,
1000000000000007665,False,
1000000000000007666,False,
1000000000000007667,False,
1000000000000007668,False,
1000000000000007669,False,
1000000000000007670,False,
1000000000000007671,False,
1000000000000007672,False,
1000000000000007673,False,
1000000000000007674,False,
1000000000000007675,False,
1000000000000007676,False,
1000000000000007677,False,
1000000000000007678,False,
1000000000000007679,False,
1000000000000007680,False,
1000000000000007681,False,
1000000000000007682,False,
1000000000000007683,False,
1000000000000007684,False,
1000000000000007685,False,
1000000000000007686,False,
1000000000000007687,False,
1000000000000007688,False,
1000000000000007689,False,
1000000000000007690,False,
1000000000000007691,False,
1000000000000007692,False,
1000000000000007693,False,
1000000000000007694,False,
1000000000000007695,False,
1000000000000007696,False,
1000000000000007697,False,
1000000000000007698,False,
1000000000000007699,False,
1000000000000007700,False,
1000000000000007701,False,
1000000000000007702,False,
1000000000000007703,False,
1000000000000007704,False,
1000000000000007705,False,
1000000000000007706,False,
1000000000000007707,False,
1000000000000007708,False,
1000000000000007709,False,
1000000000000007710,False,
1000000000000007711,False,
1000000000000007712,False,
1000000000000007713,False,
1000000000000007714,False,
1000000000000007715,False,
1000000000000007716,False,
1000000000000007717,False,
1000000000000007718,False,
1000000000000007719,False,
1000000000000007720,False,
1000000000000007721,False,
1000000000000007722,False,
1000000000000007723,False,
1000000000000007724,False,
1000000000000007725,False,
1000000000000007726,False,
1000000000000007727,False,
1000000000000007728,False,
1000000000000007729,False,
1000000000000007730,False,
1000000000000007731,False,
1000000000000007732,False,
1000000000000007733,False,
1000000000000007734,False,
1000000000000007735,False,
1000000000000007736,False,
1000000000000007737,False,
1000000000000007738,False,
1000000000000007739,False,
1000000000000007740,False,
1000000000000007741,False,
1000000000000007742,False,
1000000000000007743,False,
1000000000000007744,False,
1000000000000007745,False,
1000000000000007746,False,
1000000000000007747,False,
1000000000000007748,False,
1000000000000007749,False,
1000000000000007750,False,
1000000000000007751,False,
1000000000000007752,False,
1000000000000007753,False,
1000000000000007754,False,
1000000000000007755,False,
1000000000000007756,False,
1000000000000007757,False,
1000000000000007758,False,
1000000000000007759,False,
1000000000000007760,False,
1000000000000007761,False,
1000000000000007762,False,
1000000000000007763,False,
1000000000000007764,False,
1000000000000007765,False,
1000000000000007766,False,
1000000000000007767,False,
1000000000000007768,False,
1000000000000007769,False,
1000000000000007770,False,
1000000000000007771,False,
1000000000000007772,False,
1000000000000007773,False,
1000000000000007774,False,
1000000000000007775,False,
1000000000000007776,False,
1000000000000007777,False,
1000000000000007778,False,
1000000000000007779,False,
1000000000000007780,False,
1000000000000007781,False,
1000000000000007782,False,
1000000000000007783,False,
1000000000000007784,False,
1000000000000007785,False,
1000000000000007786,False,
1000000000000007787,False,
1000000000000007788,False,
1000000000000007789,False,
1000000000000007790,False,
1000000000000007791,False,
1000000000000007792,False,
1000000000000007793,False,
1000000000000007794,False,
1000000000000007795,False,
1000000000000007796,False,
1000000000000007797,False,
1000000000000007798,False,
1000000000000007799,False,
1000000000000007800,False,
1000000000000007801,False,
1000000000000007802,False,
1000000000000007803,False,
1000000000000007804,False,
1000000000000007805,False,
1000000000000007806,False,
1000000000000007807,False,
1000000000000007808,False,
1000000000000007809,False,
1000000000000007810,False,
1000000000000007811,False,
1000000000000007812,False,
1000000000000007813,False,
1000000000000007814,False,
1000000000000007815,False,
1000000000000007816,False,
1000000000000007817,False,
1000000000000007818,False,
1000000000000007819,False,
1000000000000007820,False,
1000000000000007821,False,
1000000000000007822,False,
1000000000000007823,False,
1000000000000007824,False,
1000000000000007825,False,
1000000000000007826,False,
1000000000000007827,False,
1000000000000007828,False,
1000000000000007829,False,
1000000000000007830,False,
1000000000000007831,False,
1000000000000007832,False,
1000000000000007833,False,
1000000000000007834,False,
1000000000000007835,False,
1000000000000007836,False,
1000000000000007837,False,
1000000000000007838,False,
1000000000000007839,False,
1000000000000007840,False,
1000000000000007841,False,
1000000000000007842,False,
1000000000000007843,False,
1000000000000007844,False,
1000000000000007845,False,
1000000000000007846,False,
1000000000000007847,False,
1000000000000007848,False,
1000000000000007849,False,
1000000000000007850,False,
1000000000000007851,False,
1000000000000007852,False,
1000000000000007853,False,
1000000000000007854,False,
1000000000000007855,False,
1000000000000007856,False,
1000000000000007857,False,
1000000000000007858,False,
1000000000000007859,False,
1000000000000007860,False,
1000000000000007861,False,
1000000000000007862,False,
1000000000000007863,False,
1000000000000007864,False,
1000000000000007865,False,
1000000000000007866,False,
1000000000000007867,False,
1000000000000007868,False,
1000000000000007869,False,
1000000000000007870,False,
1000000000000007871,False,
1000000000000007872,False,
1000000000000007873,False,
1000000000000007874,False,
1000000000000007875,False,
1000000000000007876,False,
1000000000000007877,False,
1000000000000007878,False,
1000000000000007879,False,
1000000000000007880,False,
1000000000000007881,False,
1000000000000007882,False,
1000000000000007883,False,
1000000000000007884,False,
1000000000000007885,False,
1000000000000007886,False,
1000000000000007887,False,
1000000000000007888,False,
1000000000000007889,False,
1000000000000007890,False,
1000000000000007891,False,
1000000000000007892,False,
1000000000000007893,False,
1000000000000007894,False,
1000000000000007895,False,
1000000000000007896,False,
1000000000000007897,False,
1000000000000007898,False,
1000000000000007899,False,
1000000000000007900,False,
1000000000000007901,False,
1000000000000007902,False,
1000000000000007903,False,
1000000000000007904,False,
1000000000000007905,False,
1000000000000007906,False,
1000000000000007907,False,
1000000000000007908,False,
1000000000000007909,False,
1000000000000007910,False,
1000000000000007911,False,
1000000000000007912,False,
1000000000000007913,False,
1000000000000007914,False,
1000000000000007915,False,
1000000000000007916,False,
1000000000000007917,False,
1000000000000007918,False,
1000000000000007919,False,
1000000000000007920,False,
1000000000000007921,False,
1000000000000007922,False,
1000000000000007923,False,
1000000000000007924,False,
1000000000000007925,False,
1000000000000007926,False,
1000000000000007927,False,
1000000000000007928,False,
1000000000000007929,False,
1000000000000007930,False,
1000000000000007931,False,
1000000000000007932,False,
1000000000000007933,False,
1000000000000007934,False,
1000000000000007935,False,
1000000000000007936,False,
1000000000000007937,False,
1000000000000007938,False,
1000000000000007939,False,
1000000000000007940,False,
1000000000000007941,False,
1000000000000007942,False,
1000000000000007943,False,
1000000000000007944,False,
1000000000000007945,False,
1000000000000007946,False,
1000000000000007947,False,
1000000000000007948,False,
1000000000000007949,False,
1000000000000007950,False,
1000000000000007951,False,
1000000000000007952,False,
1000000000000007953,False,
1000000000000007954,False,
1000000000000007955,False,
1000000000000007956,False,
1000000000000007957,False,
1000000000000007958,False,
1000000000000007959,False,
1000000000000007960,False,
1000000000000007961,False,
1000000000000007962,False,
1000000000000007963,False,
1000000000000007964,False,
1000000000000007965,False,
1000000000000007966,False,
1000000000000007967,False,
1000000000000007968,False,
1000000000000007969,False,
1000000000000007970,False,
1000000000000007971,False,
1000000000000007972,False,
1000000000000007973,False,
1000000000000007974,False,
1000000000000007975,False,
1000000000000007976,False,
1000000000000007977,False,
1000000000000007978,False,
1000000000000007979,False,
1000000000000007980,False,
1000000000000007981,False,
1000000000000007982,False,
1000000000000007983,False,
1000000000000007984,False,
1000000000000007985,False,
1000000000000007986,False,
1000000000000007987,False,
1000000000000007988,False,
1000000000000007989,False,
1000000000000007990,False,
1000000000000007991,False,
1000000000000007992,False,
1000000000000007993,False,
1000000000000007994,False,
1000000000000007995,False,
1000000000000007996,False,
1000000000000007997,False,
1000000000000007998,False,
1000000000000007999,False,
1000000000000008000,False,
1000000000000008001,False,
1000000000000008002,False,
1000000000000008003,False,
1000000000000008004,False,
1000000000000008005,False,
1000000000000008006,False,
1000000000000008007,False,
1000000000000008008,False,
1000000000000008009,False,
1000000000000008010,False,
1000000000000008011,False,
1000000000000008012,False,
1000000000000008013,False,
1000000000000008014,False,
1000000000000008015,False,
1000000000000008016,False,
1000000000000008017,False,
1000000000000008018,False,
1000000000000008019,False,
1000000000000008020,False,
1000000000000008021,False,
1000000000000008022,False,
1000000000000008023,False,
1000000000000008024,False,
1000000000000008025,False,
1000000000000008026,False,
1000000000000008027,False,
1000000000000008028,False,
1000000000000008029,False,
1000000000000008030,False,
1000000000000008031,False,
1000000000000008032,False,
1000000000000008033,False,
1000000000000008034,False,
1000000000000008035,False,
1000000000000008036,False,
1000000000000008037,False,
1000000000000008038,False,
1000000000000008039,False,
1000000000000008040,False,
1000000000000008041,False,
1000000000000008042,False,
1000000000000008043,False,
1000000000000008044,False,
1000000000000008045,False,
1000000000000008046,False,
1000000000000008047,False,
1000000000000008048,False,
1000000000000008049,False,
1000000000000008050,False,
1000000000000008051,False,
1000000000000008052,False,
1000000000000008053,False,
1000000000000008054,False,
1000000000000008055,False,
1000000000000008056,False,
1000000000000008057,False,
1000000000000008058,False,
1000000000000008059,False,
1000000000000008060,False,
1000000000000008061,False,
1000000000000008062,False,
1000000000000008063,False,
1000000000000008064,False,
1000000000000008065,False,
1000000000000008066,False,
1000000000000008067,False,
1000000000000008068,False,
1000000000000008069,False,
1000000000000008070,False,
1000000000000008071,False,
1000000000000008072,False,
1000000000000008073,False,
1000000000000008074,False,
1000000000000008075,False,
1000000000000008076,False,
1000000000000008077,False,
1000000000000008078,False,
1000000000000008079,False,
1000000000000008080,False,
1000000000000008081,False,
1000000000000008082,False,
1000000000000008083,False,
1000000000000008084,False,
1000000000000008085,False,
1000000000000008086,False,
1000000000000008087,False,
1000000000000008088,False,
1000000000000008089,False,
1000000000000008090,False,
1000000000000008091,False,
1000000000000008092,False,
1000000000000008093,False,
1000000000000008094,False,
1000000000000008095,False,
1000000000000008096,False,
1000000000000008097,False,
1000000000000008098,False,
1000000000000008099,False,
1000000000000008100,False,
1000000000000008101,False,
1000000000000008102,False,
1000000000000008103,False,
1000000000000008104,False,
1000000000000008105,False,
1000000000000008106,False,
1000000000000008107,False,
1000000000000008108,False,
1000000000000008109,False,
1000000000000008110,False,
1000000000000008111,False,
1000000000000008112,False,
1000000000000008113,False,
1000000000000008114,False,
1000000000000008115,False,
1000000000000008116,False,
1000000000000008117,False,
1000000000000008118,False,
1000000000000008119,False,
1000000000000008120,False,
1000000000000008121,False,
1000000000000008122,False,
1000000000000008123,False,
1000000000000008124,False,
1000000000000008125,False,
1000000000000008126,False,
1000000000000008127,False,
1000000000000008128,False,
1000000000000008129,False,
1000000000000008130,False,
1000000000000008131,False,
1000000000000008132,False,
1000000000000008133,False,
1000000000000008134,False,
1000000000000008135,False,
1000000000000008136,False,
1000000000000008137,False,
1000000000000008138,False,
1000000000000008139,False,
1000000000000008140,False,
1000000000000008141,False,
1000000000000008142,False,
1000000000000008143,False,
1000000000000008144,False,
1000000000000008145,False,
1000000000000008146,False,
1000000000000008147,False,
1000000000000008148,False,
1000000000000008149,False,
1000000000000008150,False,
1000000000000008151,False,
1000000000000008152,False,
1000000000000008153,False,
1000000000000008154,False,
1000000000000008155,False,
1000000000000008156,False,
1000000000000008157,False,
1000000000000008158,False,
1000000000000008159,False,
1000000000000008160,False,
1000000000000008161,False,
1000000000000008162,False,
1000000000000008163,False,
1000000000000008164,False,
1000000000000008165,False,
1000000000000008166,False,
1000000000000008167,False,
1000000000000008168,False,
1000000000000008169,False,
1000000000000008170,False,
1000000000000008171,False,
1000000000000008172,False,
1000000000000008173,False,
1000000000000008174,False,
1000000000000008175,False,
1000000000000008176,False,
1000000000000008177,False,
1000000000000008178,False,
1000000000000008179,False,
1000000000000008180,False,
1000000000000008181,False,
1000000000000008182,False,
1000000000000008183,False,
1000000000000008184,False,
1000000000000008185,False,
1000000000000008186,False,
1000000000000008187,False,
1000000000000008188,False,
1000000000000008189,False,
1000000000000008190,False,
1000000000000008191,False,
1000000000000008192,False,
1000000000000008193,False,
1000000000000008194,False,
1000000000000008195,False,
1000000000000008196,False,
1000000000000008197,False,
1000000000000008198,False,
1000000000000008199,False,
1000000000000008200,False,
1000000000000008201,False,
1000000000000008202,False,
1000000000000008203,False,
1000000000000008204,False,
1000000000000008205,False,
1000000000000008206,False,
1000000000000008207,False,
1000000000000008208,False,
1000000000000008209,False,
1000000000000008210,False,
1000000000000008211,False,
1000000000000008212,False,
1000000000000008213,False,
1000000000000008214,False,
1000000000000008215,False,
1000000000000008216,False,
1000000000000008217,False,
1000000000000008218,False,
1000000000000008219,False,
1000000000000008220,False,
1000000000000008221,False,
1000000000000008222,False,
1000000000000008223,False,
1000000000000008224,False,
1000000000000008225,False,
1000000000000008226,False,
1000000000000008227,False,
1000000000000008228,False,
1000000000000008229,False,
1000000000000008230,False,
1000000000000008231,False,
1000000000000008232,False,
1000000000000008233,False,
1000000000000008234,False,
1000000000000008235,False,
1000000000000008236,False,
1000000000000008237,False,
1000000000000008238,False,
1000000000000008239,False,
1000000000000008240,False,
1000000000000008241,False,
1000000000000008242,False,
1000000000000008243,False,
1000000000000008244,False,
1000000000000008245,False,
1000000000000008246,False,
1000000000000008247,False,
1000000000000008248,False,
1000000000000008249,False,
1000000000000008250,False,
1000000000000008251,False,
1000000000000008252,False,
1000000000000008253,False,
1000000000000008254,False,
1000000000000008255,False,
1000000000000008256,False,
1000000000000008257,False,
1000000000000008258,False,
1000000000000008259,False,
1000000000000008260,False,
1000000000000008261,False,
1000000000000008262,False,
1000000000000008263,False,
1000000000000008264,False,
1000000000000008265,False,
1000000000000008266,False,
1000000000000008267,False,
1000000000000008268,False,
1000000000000008269,False,
1000000000000008270,False,
1000000000000008271,False,
1000000000000008272,False,
1000000000000008273,False,
1000000000000008274,False,
1000000000000008275,False,
1000000000000008276,False,
1000000000000008277,False,
1000000000000008278,False,
1000000000000008279,False,
1000000000000008280,False,
1000000000000008281,False,
1000000000000008282,False,
1000000000000008283,False,
1000000000000008284,False,
1000000000000008285,False,
1000000000000008286,False,
1000000000000008287,False,
1000000000000008288,False,
1000000000000008289,False,
1000000000000008290,False,
1000000000000008291,False,
1000000000000008292,False,
1000000000000008293,False,
1000000000000008294,False,
1000000000000008295,False,
1000000000000008296,False,
1000000000000008297,False,
1000000000000008298,False,
1000000000000008299,False,
1000000000000008300,False,
1000000000000008301,False,
1000000000000008302,False,
1000000000000008303,False,
1000000000000008304,False,
1000000000000008305,False,
1000000000000008306,False,
1000000000000008307,False,
1000000000000008308,False,
1000000000000008309,False,
1000000000000008310,False,
1000000000000008311,False,
1000000000000008312,False,
1000000000000008313,False,
1000000000000008314,False,
1000000000000008315,False,
1000000000000008316,False,
1000000000000008317,False,
1000000000000008318,False,
1000000000000008319,False,
1000000000000008320,False,
1000000000000008321,False,
1000000000000008322,False,
1000000000000008323,False,
1000000000000008324,False,
1000000000000008325,False,
1000000000000008326,False,
1000000000000008327,False,
1000000000000008328,False,
1000000000000008329,False,
1000000000000008330,False,
1000000000000008331,False,
1000000000000008332,False,
1000000000000008333,False,
1000000000000008334,False,
1000000000000008335,False,
1000000000000008336,False,
1000000000000008337,False,
1000000000000008338,False,
1000000000000008339,False,
1000000000000008340,False,
1000000000000008341,False,
1000000000000008342,False,
1000000000000008343,False,
1000000000000008344,False,
1000000000000008345,False,
1000000000000008346,False,
1000000000000008347,False,
1000000000000008348,False,
1000000000000008349,False,
1000000000000008350,False,
1000000000000008351,False,
1000000000000008352,False,
1000000000000008353,False,
1000000000000008354,False,
1000000000000008355,False,
1000000000000008356,False,
1000000000000008357,False,
1000000000000008358,False,
1000000000000008359,False,
1000000000000008360,False,
1000000000000008361,False,
1000000000000008362,False,
1000000000000008363,False,
1000000000000008364,False,
1000000000000008365,False,
1000000000000008366,False,
1000000000000008367,False,
1000000000000008368,False,
1000000000000008369,False,
1000000000000008370,False,
1000000000000008371,False,
1000000000000008372,False,
1000000000000008373,False,
1000000000000008374,False,
1000000000000008375,False,
1000000000000008376,False,
1000000000000008377,False,
1000000000000008378,False,
1000000000000008379,False,
1000000000000008380,False,
1000000000000008381,False,
1000000000000008382,False,
1000000000000008383,False,
1000000000000008384,False,
1000000000000008385,False,
1000000000000008386,False,
1000000000000008387,False,
1000000000000008388,False,
1000000000000008389,False,
1000000000000008390,False,
1000000000000008391,False,
1000000000000008392,False,
1000000000000008393,False,
1000000000000008394,False,
1000000000000008395,False,
1000000000000008396,False,
1000000000000008397,False,
1000000000000008398,False,
1000000000000008399,False,
1000000000000008400,False,
1000000000000008401,False,
1000000000000008402,False,
1000000000000008403,False,
1000000000000008404,False,
1000000000000008405,False,
1000000000000008406,False,
1000000000000008407,False,
1000000000000008408,False,
1000000000000008409,False,
1000000000000008410,False,
1000000000000008411,False,
1000000000000008412,False,
1000000000000008413,False,
1000000000000008414,False,
1000000000000008415,False,
1000000000000008416,False,
1000000000000008417,False,
1000000000000008418,False,
1000000000000008419,False,
1000000000000008420,False,
1000000000000008421,False,
1000000000000008422,False,
1000000000000008423,False,
1000000000000008424,False,
1000000000000008425,False,
1000000000000008426,False,
1000000000000008427,False,
1000000000000008428,False,
1000000000000008429,False,
1000000000000008430,False,
1000000000000008431,False,
1000000000000008432,False,
1000000000000008433,False,
1000000000000008434,False,
1000000000000008435,False,
1000000000000008436,False,
1000000000000008437,False,
1000000000000008438,False,
1000000000000008439,False,
1000000000000008440,False,
1000000000000008441,False,
1000000000000008442,False,
1000000000000008443,False,
1000000000000008444,False,
1000000000000008445,False,
1000000000000008446,False,
1000000000000008447,False,
1000000000000008448,False,
1000000000000008449,False,
1000000000000008450,False,
1000000000000008451,False,
1000000000000008452,False,
1000000000000008453,False,
1000000000000008454,False,
1000000000000008455,False,
1000000000000008456,False,
1000000000000008457,False,
1000000000000008458,False,
1000000000000008459,False,
1000000000000008460,False,
1000000000000008461,False,
1000000000000008462,False,
1000000000000008463,False,
1000000000000008464,False,
1000000000000008465,False,
1000000000000008466,False,
1000000000000008467,False,
1000000000000008468,False,
1000000000000008469,False,
1000000000000008470,False,
1000000000000008471,False,
1000000000000008472,False,
1000000000000008473,False,
1000000000000008474,False,
1000000000000008475,False,
1000000000000008476,False,
1000000000000008477,False,
1000000000000008478,False,
1000000000000008479,False,
1000000000000008480,False,
1000000000000008481,False,
1000000000000008482,False,
1000000000000008483,False,
1000000000000008484,False,
1000000000000008485,False,
1000000000000008486,False,
1000000000000008487,False,
1000000000000008488,False,
1000000000000008489,False,
1000000000000008490,False,
1000000000000008491,False,
1000000000000008492,False,
1000000000000008493,False,
1000000000000008494,False,
1000000000000008495,False,
1000000000000008496,False,
1000000000000008497,False,
1000000000000008498,False,
1000000000000008499,False,
1000000000000008500,False,
1000000000000008501,False,
1000000000000008502,False,
1000000000000008503,False,
1000000000000008504,False,
1000000000000008505,False,
1000000000000008506,False,
1000000000000008507,False,
1000000000000008508,False,
1000000000000008509,False,
1000000000000008510,False,
1000000000000008511,False,
1000000000000008512,False,
1000000000000008513,False,
1000000000000008514,False,
1000000000000008515,False,
1000000000000008516,False,
1000000000000008517,False,
1000000000000008518,False,
1000000000000008519,False,
1000000000000008520,False,
1000000000000008521,False,
1000000000000008522,False,
1000000000000008523,False,
1000000000000008524,False,
1000000000000008525,False,
1000000000000008526,False,
1000000000000008527,False,
1000000000000008528,False,
1000000000000008529,False,
1000000000000008530,False,
1000000000000008531,False,
1000000000000008532,False,
1000000000000008533,False,
1000000000000008534,False,
1000000000000008535,False,
1000000000000008536,False,
1000000000000008537,False,
1000000000000008538,False,
1000000000000008539,False,
1000000000000008540,False,
1000000000000008541,False,
1000000000000008542,False,
1000000000000008543,False,
1000000000000008544,False,
1000000000000008545,False,
1000000000000008546,False,
1000000000000008547,False,
1000000000000008548,False,
1000000000000008549,False,
1000000000000008550,False,
1000000000000008551,False,
1000000000000008552,False,
1000000000000008553,False,
1000000000000008554,False,
1000000000000008555,False,
1000000000000008556,False,
1000000000000008557,False,
1000000000000008558,False,
1000000000000008559,False,
1000000000000008560,False,
1000000000000008561,False,
1000000000000008562,False,
1000000000000008563,False,
1000000000000008564,False,
1000000000000008565,False,
1000000000000008566,False,
1000000000000008567,False,
1000000000000008568,False,
1000000000000008569,False,
1000000000000008570,False,
1000000000000008571,False,
1000000000000008572,False,
1000000000000008573,False,
1000000000000008574,False,
1000000000000008575,False,
1000000000000008576,False,
1000000000000008577,False,
1000000000000008578,False,
1000000000000008579,False,
1000000000000008580,False,
1000000000000008581,False,
1000000000000008582,False,
1000000000000008583,False,
1000000000000008584,False,
1000000000000008585,False,
1000000000000008586,False,
1000000000000008587,False,
1000000000000008588,False,
1000000000000008589,False,
1000000000000008590,False,
1000000000000008591,False,
1000000000000008592,False,
1000000000000008593,False,
1000000000000008594,False,
1000000000000008595,False,
1000000000000008596,False,
1000000000000008597,False,
1000000000000008598,False,
1000000000000008599,False,
1000000000000008600,False,
1000000000000008601,False,
1000000000000008602,False,
1000000000000008603,False,
1000000000000008604,False,
1000000000000008605,False,
1000000000000008606,False,
1000000000000008607,False,
1000000000000008608,False,
1000000000000008609,False,
1000000000000008610,False,
1000000000000008611,False,
1000000000000008612,False,
1000000000000008613,False,
1000000000000008614,False,
1000000000000008615,False,
1000000000000008616,False,
1000000000000008617,False,
1000000000000008618,False,
1000000000000008619,False,
1000000000000008620,False,
1000000000000008621,False,
1000000000000008622,False,
1000000000000008623,False,
1000000000000008624,False,
1000000000000008625,False,
1000000000000008626,False,
1000000000000008627,False,
1000000000000008628,False,
1000000000000008629,False,
1000000000000008630,False,
1000000000000008631,False,
1000000000000008632,False,
1000000000000008633,False,
1000000000000008634,False,
1000000000000008635,False,
1000000000000008636,False,
1000000000000008637,False,
1000000000000008638,False,
1000000000000008639,False,
1000000000000008640,False,
1000000000000008641,False,
1000000000000008642,False,
1000000000000008643,False,
1000000000000008644,False,
1000000000000008645,False,
1000000000000008646,False,
1000000000000008647,False,
1000000000000008648,False,
1000000000000008649,False,
1000000000000008650,False,
1000000000000008651,False,
1000000000000008652,False,
1000000000000008653,False,
1000000000000008654,False,
1000000000000008655,False,
1000000000000008656,False,
1000000000000008657,False,
1000000000000008658,False,
1000000000000008659,False,
1000000000000008660,False,
1000000000000008661,False,
1000000000000008662,False,
1000000000000008663,False,
1000000000000008664,False,
1000000000000008665,False,
1000000000000008666,False,
1000000000000008667,False,
1000000000000008668,False,
1000000000000008669,False,
1000000000000008670,False,
1000000000000008671,False,
1000000000000008672,False,
1000000000000008673,False,
1000000000000008674,False,
1000000000000008675,False,
1000000000000008676,False,
1000000000000008677,False,
1000000000000008678,False,
1000000000000008679,False,
1000000000000008680,False,
1000000000000008681,False,
1000000000000008682,False,
1000000000000008683,False,
1000000000000008684,False,
1000000000000008685,False,
1000000000000008686,False,
1000000000000008687,False,
1000000000000008688,False,
1000000000000008689,False,
1000000000000008690,False,
1000000000000008691,False,
1000000000000008692,False,
1000000000000008693,False,
1000000000000008694,False,
1000000000000008695,False,
1000000000000008696,False,
1000000000000008697,False,
1000000000000008698,False,
1000000000000008699,False,
1000000000000008700,False,
1000000000000008701,False,
1000000000000008702,False,
1000000000000008703,False,
1000000000000008704,False,
1000000000000008705,False,
1000000000000008706,False,
1000000000000008707,False,
1000000000000008708,False,
1000000000000008709,False,
1000000000000008710,False,
1000000000000008711,False,
1000000000000008712,False,
1000000000000008713,False,
1000000000000008714,False,
1000000000000008715,False,
1000000000000008716,False,
1000000000000008717,False,
1000000000000008718,False,
1000000000000008719,False,
1000000000000008720,False,
1000000000000008721,False,
1000000000000008722,False,
1000000000000008723,False,
1000000000000008724,False,
1000000000000008725,False,
1000000000000008726,False,
1000000000000008727,False,
1000000000000008728,False,
1000000000000008729,False,
1000000000000008730,False,
1000000000000008731,False,
1000000000000008732,False,
1000000000000008733,False,
1000000000000008734,False,
1000000000000008735,False,
1000000000000008736,False,
1000000000000008737,False,
1000000000000008738,False,
1000000000000008739,False,
1000000000000008740,False,
1000000000000008741,False,
1000000000000008742,False,
1000000000000008743,False,
1000000000000008744,False,
1000000000000008745,False,
1000000000000008746,False,
1000000000000008747,False,
1000000000000008748,False,
1000000000000008749,False,
1000000000000008750,False,
1000000000000008751,False,
1000000000000008752,False,
1000000000000008753,False,
1000000000000008754,False,
1000000000000008755,False,
1000000000000008756,False,
1000000000000008757,False,
1000000000000008758,False,
1000000000000008759,False,
1000000000000008760,False,
1000000000000008761,False,
1000000000000008762,False,
1000000000000008763,False,
1000000000000008764,False,
1000000000000008765,False,
1000000000000008766,False,
1000000000000008767,False,
1000000000000008768,False,
1000000000000008769,False,
1000000000000008770,False,
1000000000000008771,False,
1000000000000008772,False,
1000000000000008773,False,
1000000000000008774,False,
1000000000000008775,False,
1000000000000008776,False,
1000000000000008777,False,
1000000000000008778,False,
1000000000000008779,False,
1000000000000008780,False,
1000000000000008781,False,
1000000000000008782,False,
1000000000000008783,False,
1000000000000008784,False,
1000000000000008785,False,
1000000000000008786,False,
1000000000000008787,False,
1000000000000008788,False,
1000000000000008789,False,
1000000000000008790,False,
1000000000000008791,False,
1000000000000008792,False,
1000000000000008793,False,
1000000000000008794,False,
1000000000000008795,False,
1000000000000008796,False,
1000000000000008797,False,
1000000000000008798,False,
1000000000000008799,False,
1000000000000008800,False,
1000000000000008801,False,
1000000000000008802,False,
1000000000000008803,False,
1000000000000008804,False,
1000000000000008805,False,
1000000000000008806,False,
1000000000000008807,False,
1000000000000008808,False,
1000000000000008809,False,
1000000000000008810,False,
1000000000000008811,False,
1000000000000008812,False,
1000000000000008813,False,
1000000000000008814,False,
1000000000000008815,False,
1000000000000008816,False,
1000000000000008817,False,
1000000000000008818,False,
1000000000000008819,False,
1000000000000008820,False,
1000000000000008821,False,
1000000000000008822,False,
1000000000000008823,False,
1000000000000008824,False,
1000000000000008825,False,
1000000000000008826,False,
1000000000000008827,False,
1000000000000008828,False,
1000000000000008829,False,
1000000000000008830,False,
1000000000000008831,False,
1000000000000008832,False,
1000000000000008833,False,
1000000000000008834,False,
1000000000000008835,False,
1000000000000008836,False,
1000000000000008837,False,
1000000000000008838,False,
1000000000000008839,False,
1000000000000008840,False,
1000000000000008841,False,
1000000000000008842,False,
1000000000000008843,False,
1000000000000008844,False,
1000000000000008845,False,
1000000000000008846,False,
1000000000000008847,False,
1000000000000008848,False,
1000000000000008849,False,
1000000000000008850,False,
1000000000000008851,False,
1000000000000008852,False,
1000000000000008853,False,
1000000000000008854,False,
1000000000000008855,False,
1000000000000008856,False,
1000000000000008857,False,
1000000000000008858,False,
1000000000000008859,False,
1000000000000008860,False,
1000000000000008861,False,
1000000000000008862,False,
1000000000000008863,False,
1000000000000008864,False,
1000000000000008865,False,
1000000000000008866,False,
1000000000000008867,False,
1000000000000008868,False,
1000000000000008869,False,
1000000000000008870,False,
1000000000000008871,False,
1000000000000008872,False,
1000000000000008873,False,
1000000000000008874,False,
1000000000000008875,False,
1000000000000008876,False,
1000000000000008877,False,
1000000000000008878,False,
1000000000000008879,False,
1000000000000008880,False,
1000000000000008881,False,
1000000000000008882,False,
1000000000000008883,False,
1000000000000008884,False,
1000000000000008885,False,
1000000000000008886,False,
1000000000000008887,False,
1000000000000008888,False,
1000000000000008889,False,
1000000000000008890,False,
1000000000000008891,False,
1000000000000008892,False,
1000000000000008893,False,
1000000000000008894,False,
1000000000000008895,False,
1000000000000008896,False,
1000000000000008897,False,
1000000000000008898,False,
1000000000000008899,False,
1000000000000008900,False,
1000000000000008901,False,
1000000000000008902,False,
1000000000000008903,False,
1000000000000008904,False,
1000000000000008905,False,
1000000000000008906,False,
1000000000000008907,False,
1000000000000008908,False,
1000000000000008909,False,
1000000000000008910,False,
1000000000000008911,False,
1000000000000008912,False,
1000000000000008913,False,
1000000000000008914,False,
1000000000000008915,False,
1000000000000008916,False,
1000000000000008917,False,
1000000000000008918,False,
1000000000000008919,False,
1000000000000008920,False,
1000000000000008921,False,
1000000000000008922,False,
1000000000000008923,False,
1000000000000008924,False,
1000000000000008925,False,
1000000000000008926,False,
1000000000000008927,False,
1000000000000008928,False,
1000000000000008929,False,
1000000000000008930,False,
1000000000000008931,False,
1000000000000008932,False,
1000000000000008933,False,
1000000000000008934,False,
1000000000000008935,False,
1000000000000008936,False,
1000000000000008937,False,
1000000000000008938,False,
1000000000000008939,False,
1000000000000008940,False,
1000000000000008941,False,
1000000000000008942,False,
1000000000000008943,False,
1000000000000008944,False,
1000000000000008945,False,
1000000000000008946,False,
1000000000000008947,False,
1000000000000008948,False,
1000000000000008949,False,
1000000000000008950,False,
1000000000000008951,False,
1000000000000008952,False,
1000000000000008953,False,
1000000000000008954,False,
1000000000000008955,False,
1000000000000008956,False,
1000000000000008957,False,
1000000000000008958,False,
1000000000000008959,False,
1000000000000008960,False,
1000000000000008961,False,
1000000000000008962,False,
1000000000000008963,False,
1000000000000008964,False,
1000000000000008965,False,
1000000000000008966,False,
1000000000000008967,False,
1000000000000008968,False,
1000000000000008969,False,
1000000000000008970,False,
1000000000000008971,False,
1000000000000008972,False,
1000000000000008973,False,
1000000000000008974,False,
1000000000000008975,False,
1000000000000008976,False,
1000000000000008977,False,
1000000000000008978,False,
1000000000000008979,False,
1000000000000008980,False,
1000000000000008981,False,
1000000000000008982,False,
1000000000000008983,False,
1000000000000008984,False,
1000000000000008985,False,
1000000000000008986,False,
1000000000000008987,False,
1000000000000008988,False,
1000000000000008989,False,
1000000000000008990,False,
1000000000000008991,False,
1000000000000008992,False,
1000000000000008993,False,
1000000000000008994,False,
1000000000000008995,False,
1000000000000008996,False,
1000000000000008997,False,
1000000000000008998,False,
1000000000000008999,False,
1000000000000009000,False,
1000000000000009001,False,
1000000000000009002,False,
1000000000000009003,False,
1000000000000009004,False,
1000000000000009005,False,
1000000000000009006,False,
1000000000000009007,False,
1000000000000009008,False,
1000000000000009009,False,
1000000000000009010,False,
1000000000000009011,False,
1000000000000009012,False,
1000000000000009013,False,
1000000000000009014,False,
1000000000000009015,False,
1000000000000009016,False,
1000000000000009017,False,
1000000000000009018,False,
1000000000000009019,False,
1000000000000009020,False,
1000000000000009021,False,
1000000000000009022,False,
1000000000000009023,False,
1000000000000009024,False,
1000000000000009025,False,
1000000000000009026,False,
1000000000000009027,False,
1000000000000009028,False,
1000000000000009029,False,
1000000000000009030,False,
1000000000000009031,False,
1000000000000009032,False,
1000000000000009033,False,
1000000000000009034,False,
1000000000000009035,False,
1000000000000009036,False,
1000000000000009037,False,
1000000000000009038,False,
1000000000000009039,False,
1000000000000009040,False,
1000000000000009041,False,
1000000000000009042,False,
1000000000000009043,False,
1000000000000009044,False,
1000000000000009045,False,
1000000000000009046,False,
1000000000000009047,False,
1000000000000009048,False,
1000000000000009049,False,
1000000000000009050,False,
1000000000000009051,False,
1000000000000009052,False,
1000000000000009053,False,
1000000000000009054,False,
1000000000000009055,False,
1000000000000009056,False,
1000000000000009057,False,
1000000000000009058,False,
1000000000000009059,False,
1000000000000009060,False,
1000000000000009061,False,
1000000000000009062,False,
1000000000000009063,False,
1000000000000009064,False,
1000000000000009065,False,
1000000000000009066,False,
1000000000000009067,False,
1000000000000009068,False,
1000000000000009069,False,
1000000000000009070,False,
1000000000000009071,False,
1000000000000009072,False,
1000000000000009073,False,
1000000000000009074,False,
1000000000000009075,False,
1000000000000009076,False,
1000000000000009077,False,
1000000000000009078,False,
1000000000000009079,False,
1000000000000009080,False,
1000000000000009081,False,
1000000000000009082,False,
1000000000000009083,False,
1000000000000009084,False,
1000000000000009085,False,
1000000000000009086,False,
1000000000000009087,False,
1000000000000009088,False,
1000000000000009089,False,
1000000000000009090,False,
1000000000000009091,False,
1000000000000009092,False,
1000000000000009093,False,
1000000000000009094,False,
1000000000000009095,False,
1000000000000009096,False,
1000000000000009097,False,
1000000000000009098,False,
1000000000000009099,False,
1000000000000009100,False,
1000000000000009101,False,
1000000000000009102,False,
1000000000000009103,False,
1000000000000009104,False,
1000000000000009105,False,
1000000000000009106,False,
1000000000000009107,False,
1000000000000009108,False,
1000000000000009109,False,
1000000000000009110,False,
1000000000000009111,False,
1000000000000009112,False,
1000000000000009113,False,
1000000000000009114,False,
1000000000000009115,False,
1000000000000009116,False,
1000000000000009117,False,
1000000000000009118,False,
1000000000000009119,False,
1000000000000009120,False,
1000000000000009121,False,
1000000000000009122,False,
1000000000000009123,False,
1000000000000009124,False,
1000000000000009125,False,
1000000000000009126,False,
1000000000000009127,False,
1000000000000009128,False,
1000000000000009129,False,
1000000000000009130,False,
1000000000000009131,False,
1000000000000009132,False,
1000000000000009133,False,
1000000000000009134,False,
1000000000000009135,False,
1000000000000009136,False,
1000000000000009137,False,
1000000000000009138,False,
1000000000000009139,False,
1000000000000009140,False,
1000000000000009141,False,
1000000000000009142,False,
1000000000000009143,False,
1000000000000009144,False,
1000000000000009145,False,
1000000000000009146,False,
1000000000000009147,False,
1000000000000009148,False,
1000000000000009149,False,
1000000000000009150,False,
1000000000000009151,False,
1000000000000009152,False,
1000000000000009153,False,
1000000000000009154,False,
1000000000000009155,False,
1000000000000009156,False,
1000000000000009157,False,
1000000000000009158,False,
1000000000000009159,False,
1000000000000009160,False,
1000000000000009161,False,
1000000000000009162,False,
1000000000000009163,False,
1000000000000009164,False,
1000000000000009165,False,
1000000000000009166,False,
1000000000000009167,False,
1000000000000009168,False,
1000000000000009169,False,
1000000000000009170,False,
1000000000000009171,False,
1000000000000009172,False,
1000000000000009173,False,
1000000000000009174,False,
1000000000000009175,False,
1000000000000009176,False,
1000000000000009177,False,
1000000000000009178,False,
1000000000000009179,False,
1000000000000009180,False,
1000000000000009181,False,
1000000000000009182,False,
1000000000000009183,False,
1000000000000009184,False,
1000000000000009185,False,
1000000000000009186,False,
1000000000000009187,False,
1000000000000009188,False,
1000000000000009189,False,
1000000000000009190,False,
1000000000000009191,False,
1000000000000009192,False,
1000000000000009193,False,
1000000000000009194,False,
1000000000000009195,False,
1000000000000009196,False,
1000000000000009197,False,
1000000000000009198,False,
1000000000000009199,False,
1000000000000009200,False,
1000000000000009201,False,
1000000000000009202,False,
1000000000000009203,False,
1000000000000009204,False,
1000000000000009205,False,
1000000000000009206,False,
1000000000000009207,False,
1000000000000009208,False,
1000000000000009209,False,
1000000000000009210,False,
1000000000000009211,False,
1000000000000009212,False,
1000000000000009213,False,
1000000000000009214,False,
1000000000000009215,False,
1000000000000009216,False,
1000000000000009217,False,
1000000000000009218,False,
1000000000000009219,False,
1000000000000009220,False,
1000000000000009221,False,
1000000000000009222,False,
1000000000000009223,False,
1000000000000009224,False,
1000000000000009225,False,
1000000000000009226,False,
1000000000000009227,False,
1000000000000009228,False,
1000000000000009229,False,
1000000000000009230,False,
1000000000000009231,False,
1000000000000009232,False,
1000000000000009233,False,
1000000000000009234,False,
1000000000000009235,False,
1000000000000009236,False,
1000000000000009237,False,
1000000000000009238,False,
1000000000000009239,False,
1000000000000009240,False,
1000000000000009241,False,
1000000000000009242,False,
1000000000000009243,False,
1000000000000009244,False,
1000000000000009245,False,
1000000000000009246,False,
1000000000000009247,False,
1000000000000009248,False,
1000000000000009249,False,
1000000000000009250,False,
1000000000000009251,False,
1000000000000009252,False,
1000000000000009253,False,
1000000000000009254,False,
1000000000000009255,False,
1000000000000009256,False,
1000000000000009257,False,
1000000000000009258,False,
1000000000000009259,False,
1000000000000009260,False,
1000000000000009261,False,
1000000000000009262,False,
1000000000000009263,False,
1000000000000009264,False,
1000000000000009265,False,
1000000000000009266,False,
1000000000000009267,False,
1000000000000009268,False,
1000000000000009269,False,
1000000000000009270,False,
1000000000000009271,False,
1000000000000009272,False,
1000000000000009273,False,
1000000000000009274,False,
1000000000000009275,False,
1000000000000009276,False,
1000000000000009277,False,
1000000000000009278,False,
1000000000000009279,False,
1000000000000009280,False,
1000000000000009281,False,
1000000000000009282,False,
1000000000000009283,False,
1000000000000009284,False,
1000000000000009285,False,
1000000000000009286,False,
1000000000000009287,False,
1000000000000009288,False,
1000000000000009289,False,
1000000000000009290,False,
1000000000000009291,False,
1000000000000009292,False,
1000000000000009293,False,
1000000000000009294,False,
1000000000000009295,False,
1000000000000009296,False,
1000000000000009297,False,
1000000000000009298,False,
1000000000000009299,False,
1000000000000009300,False,
1000000000000009301,False,
1000000000000009302,False,
1000000000000009303,False,
1000000000000009304,False,
1000000000000009305,False,
1000000000000009306,False,
1000000000000009307,False,
1000000000000009308,False,
1000000000000009309,False,
1000000000000009310,False,
1000000000000009311,False,
1000000000000009312,False,
1000000000000009313,False,
1000000000000009314,False,
1000000000000009315,False,
1000000000000009316,False,
1000000000000009317,False,
1000000000000009318,False,
1000000000000009319,False,
1000000000000009320,False,
1000000000000009321,False,
1000000000000009322,False,
1000000000000009323,False,
1000000000000009324,False,
1000000000000009325,False,
1000000000000009326,False,
1000000000000009327,False,
1000000000000009328,False,
1000000000000009329,False,
1000000000000009330,False,
1000000000000009331,False,
1000000000000009332,False,
1000000000000009333,False,
1000000000000009334,False,
1000000000000009335,False,
1000000000000009336,False,
1000000000000009337,False,
1000000000000009338,False,
1000000000000009339,False,
1000000000000009340,False,
1000000000000009341,False,
1000000000000009342,False,
1000000000000009343,False,
1000000000000009344,False,
1000000000000009345,False,
1000000000000009346,False,
1000000000000009347,False,
1000000000000009348,False,
1000000000000009349,False,
1000000000000009350,False,
1000000000000009351,False,
1000000000000009352,False,
1000000000000009353,False,
1000000000000009354,False,
1000000000000009355,False,
1000000000000009356,False,
1000000000000009357,False,
1000000000000009358,False,
1000000000000009359,False,
1000000000000009360,False,
1000000000000009361,False,
1000000000000009362,False,
1000000000000009363,False,
1000000000000009364,False,
1000000000000009365,False,
1000000000000009366,False,
1000000000000009367,False,
1000000000000009368,False,
1000000000000009369,False,
1000000000000009370,False,
1000000000000009371,False,
1000000000000009372,False,
1000000000000009373,False,
1000000000000009374,False,
1000000000000009375,False,
1000000000000009376,False,
1000000000000009377,False,
1000000000000009378,False,
1000000000000009379,False,
1000000000000009380,False,
1000000000000009381,False,
1000000000000009382,False,
1000000000000009383,False,
1000000000000009384,False,
1000000000000009385,False,
1000000000000009386,False,
1000000000000009387,False,
1000000000000009388,False,
1000000000000009389,False,
1000000000000009390,False,
1000000000000009391,False,
1000000000000009392,False,
1000000000000009393,False,
1000000000000009394,False,
1000000000000009395,False,
1000000000000009396,False,
1000000000000009397,False,
1000000000000009398,False,
1000000000000009399,False,
1000000000000009400,False,
1000000000000009401,False,
1000000000000009402,False,
1000000000000009403,False,
1000000000000009404,False,
1000000000000009405,False,
1000000000000009406,False,
1000000000000009407,False,
1000000000000009408,False,
1000000000000009409,False,
1000000000000009410,False,
1000000000000009411,False,
1000000000000009412,False,
1000000000000009413,False,
1000000000000009414,False,
1000000000000009415,False,
1000000000000009416,False,
1000000000000009417,False,
1000000000000009418,False,
1000000000000009419,False,
1000000000000009420,False,
1000000000000009421,False,
1000000000000009422,False,
1000000000000009423,False,
1000000000000009424,False,
1000000000000009425,False,
1000000000000009426,False,
1000000000000009427,False,
1000000000000009428,False,
1000000000000009429,False,
1000000000000009430,False,
1000000000000009431,False,
1000000000000009432,False,
1000000000000009433,False,
1000000000000009434,False,
1000000000000009435,False,
1000000000000009436,False,
1000000000000009437,False,
1000000000000009438,False,
1000000000000009439,False,
1000000000000009440,False,
1000000000000009441,False,
1000000000000009442,False,
1000000000000009443,False,
1000000000000009444,False,
1000000000000009445,False,
1000000000000009446,False,
1000000000000009447,False,
1000000000000009448,False,
1000000000000009449,False,
1000000000000009450,False,
1000000000000009451,False,
1000000000000009452,False,
1000000000000009453,False,
1000000000000009454,False,
1000000000000009455,False,
1000000000000009456,False,
1000000000000009457,False,
1000000000000009458,False,
1000000000000009459,False,
1000000000000009460,False,
1000000000000009461,False,
1000000000000009462,False,
1000000000000009463,False,
1000000000000009464,False,
1000000000000009465,False,
1000000000000009466,False,
1000000000000009467,False,
1000000000000009468,False,
1000000000000009469,False,
1000000000000009470,False,
1000000000000009471,False,
1000000000000009472,False,
1000000000000009473,False,
1000000000000009474,False,
1000000000000009475,False,
1000000000000009476,False,
1000000000000009477,False,
1000000000000009478,False,
1000000000000009479,False,
1000000000000009480,False,
1000000000000009481,False,
1000000000000009482,False,
1000000000000009483,False,
1000000000000009484,False,
1000000000000009485,False,
1000000000000009486,False,
1000000000000009487,False,
1000000000000009488,False,
1000000000000009489,False,
1000000000000009490,False,
1000000000000009491,False,
1000000000000009492,False,
1000000000000009493,False,
1000000000000009494,False,
1000000000000009495,False,
1000000000000009496,False,
1000000000000009497,False,
1000000000000009498,False,
1000000000000009499,False,
1000000000000009500,False,
1000000000000009501,False,
1000000000000009502,False,
1000000000000009503,False,
1000000000000009504,False,
1000000000000009505,False,
1000000000000009506,False,
1000000000000009507,False,
1000000000000009508,False,
1000000000000009509,False,
1000000000000009510,False,
1000000000000009511,False,
1000000000000009512,False,
1000000000000009513,False,
1000000000000009514,False,
1000000000000009515,False,
1000000000000009516,False,
1000000000000009517,False,
1000000000000009518,False,
1000000000000009519,False,
1000000000000009520,False,
1000000000000009521,False,
1000000000000009522,False,
1000000000000009523,False,
1000000000000009524,False,
1000000000000009525,False,
1000000000000009526,False,
1000000000000009527,False,
1000000000000009528,False,
1000000000000009529,False,
1000000000000009530,False,
1000000000000009531,False,
1000000000000009532,False,
1000000000000009533,False,
1000000000000009534,False,
1000000000000009535,False,
1000000000000009536,False,
1000000000000009537,False,
1000000000000009538,False,
1000000000000009539,False,
1000000000000009540,False,
1000000000000009541,False,
1000000000000009542,False,
1000000000000009543,False,
1000000000000009544,False,
1000000000000009545,False,
1000000000000009546,False,
1000000000000009547,False,
1000000000000009548,False,
1000000000000009549,False,
1000000000000009550,False,
1000000000000009551,False,
1000000000000009552,False,
1000000000000009553,False,
1000000000000009554,False,
1000000000000009555,False,
1000000000000009556,False,
1000000000000009557,False,
1000000000000009558,False,
1000000000000009559,False,
1000000000000009560,False,
1000000000000009561,False,
1000000000000009562,False,
1000000000000009563,False,
1000000000000009564,False,
1000000000000009565,False,
1000000000000009566,False,
1000000000000009567,False,
1000000000000009568,False,
1000000000000009569,False,
1000000000000009570,False,
1000000000000009571,False,
1000000000000009572,False,
1000000000000009573,False,
1000000000000009574,False,
1000000000000009575,False,
1000000000000009576,False,
1000000000000009577,False,
1000000000000009578,False,
1000000000000009579,False,
1000000000000009580,False,
1000000000000009581,False,
1000000000000009582,False,
1000000000000009583,False,
1000000000000009584,False,
1000000000000009585,False,
1000000000000009586,False,
1000000000000009587,False,
1000000000000009588,False,
1000000000000009589,False,
1000000000000009590,False,
1000000000000009591,False,
1000000000000009592,False,
1000000000000009593,False,
1000000000000009594,False,
1000000000000009595,False,
1000000000000009596,False,
1000000000000009597,False,
1000000000000009598,False,
1000000000000009599,False,
1000000000000009600,False,
1000000000000009601,False,
1000000000000009602,False,
1000000000000009603,False,
1000000000000009604,False,
1000000000000009605,False,
1000000000000009606,False,
1000000000000009607,False,
1000000000000009608,False,
1000000000000009609,False,
1000000000000009610,False,
1000000000000009611,False,
1000000000000009612,False,
1000000000000009613,False,
1000000000000009614,False,
1000000000000009615,False,
1000000000000009616,False,
1000000000000009617,False,
1000000000000009618,False,
1000000000000009619,False,
1000000000000009620,False,
1000000000000009621,False,
1000000000000009622,False,
1000000000000009623,False,
1000000000000009624,False,
1000000000000009625,False,
1000000000000009626,False,
1000000000000009627,False,
1000000000000009628,False,
1000000000000009629,False,
1000000000000009630,False,
1000000000000009631,False,
1000000000000009632,False,
1000000000000009633,False,
1000000000000009634,False,
1000000000000009635,False,
1000000000000009636,False,
1000000000000009637,False,
1000000000000009638,False,
1000000000000009639,False,
1000000000000009640,False,
1000000000000009641,False,
1000000000000009642,False,
1000000000000009643,False,
1000000000000009644,False,
1000000000000009645,False,
1000000000000009646,False,
1000000000000009647,False,
1000000000000009648,False,
1000000000000009649,False,
1000000000000009650,False,
1000000000000009651,False,
1000000000000009652,False,
1000000000000009653,False,
1000000000000009654,False,
1000000000000009655,False,
1000000000000009656,False,
1000000000000009657,False,
1000000000000009658,False,
1000000000000009659,False,
1000000000000009660,False,
1000000000000009661,False,
1000000000000009662,False,
1000000000000009663,False,
1000000000000009664,False,
1000000000000009665,False,
1000000000000009666,False,
1000000000000009667,False,
1000000000000009668,False,
1000000000000009669,False,
1000000000000009670,False,
1000000000000009671,False,
1000000000000009672,False,
1000000000000009673,False,
1000000000000009674,False,
1000000000000009675,False,
1000000000000009676,False,
1000000000000009677,False,
1000000000000009678,False,
1000000000000009679,False,
1000000000000009680,False,
1000000000000009681,False,
1000000000000009682,False,
1000000000000009683,False,
1000000000000009684,False,
1000000000000009685,False,
1000000000000009686,False,
1000000000000009687,False,
1000000000000009688,False,
1000000000000009689,False,
1000000000000009690,False,
1000000000000009691,False,
1000000000000009692,False,
1000000000000009693,False,
1000000000000009694,False,
1000000000000009695,False,
1000000000000009696,False,
1000000000000009697,False,
1000000000000009698,False,
1000000000000009699,False,
1000000000000009700,False,
1000000000000009701,False,
1000000000000009702,False,
1000000000000009703,False,
1000000000000009704,False,
1000000000000009705,False,
1000000000000009706,False,
1000000000000009707,False,
1000000000000009708,False,
1000000000000009709,False,
1000000000000009710,False,
1000000000000009711,False,
1000000000000009712,False,
1000000000000009713,False,
1000000000000009714,False,
1000000000000009715,False,
1000000000000009716,False,
1000000000000009717,False,
1000000000000009718,False,
1000000000000009719,False,
1000000000000009720,False,
1000000000000009721,False,
1000000000000009722,False,
1000000000000009723,False,
1000000000000009724,False,
1000000000000009725,False,
1000000000000009726,False,
1000000000000009727,False,
1000000000000009728,False,
1000000000000009729,False,
1000000000000009730,False,
1000000000000009731,False,
1000000000000009732,False,
1000000000000009733,False,
1000000000000009734,False,
1000000000000009735,False,
1000000000000009736,False,
1000000000000009737,False,
1000000000000009738,False,
1000000000000009739,False,
1000000000000009740,False,
1000000000000009741,False,
1000000000000009742,False,
1000000000000009743,False,
1000000000000009744,False,
1000000000000009745,False,
1000000000000009746,False,
1000000000000009747,False,
1000000000000009748,False,
1000000000000009749,False,
1000000000000009750,False,
1000000000000009751,False,
1000000000000009752,False,
1000000000000009753,False,
1000000000000009754,False,
1000000000000009755,False,
1000000000000009756,False,
1000000000000009757,False,
1000000000000009758,False,
1000000000000009759,False,
1000000000000009760,False,
1000000000000009761,False,
1000000000000009762,False,
1000000000000009763,False,
1000000000000009764,False,
1000000000000009765,False,
1000000000000009766,False,
1000000000000009767,False,
1000000000000009768,False,
1000000000000009769,False,
1000000000000009770,False,
1000000000000009771,False,
1000000000000009772,False,
1000000000000009773,False,
1000000000000009774,False,
1000000000000009775,False,
1000000000000009776,False,
1000000000000009777,False,
1000000000000009778,False,
1000000000000009779,False,
1000000000000009780,False,
1000000000000009781,False,
1000000000000009782,False,
1000000000000009783,False,
1000000000000009784,False,
1000000000000009785,False,
1000000000000009786,False,
1000000000000009787,False,
1000000000000009788,False,
1000000000000009789,False,
1000000000000009790,False,
1000000000000009791,False,
1000000000000009792,False,
1000000000000009793,False,
1000000000000009794,False,
1000000000000009795,False,
1000000000000009796,False,
1000000000000009797,False,
1000000000000009798,False,
1000000000000009799,False,
1000000000000009800,False,
1000000000000009801,False,
1000000000000009802,False,
1000000000000009803,False,
1000000000000009804,False,
1000000000000009805,False,
1000000000000009806,False,
1000000000000009807,False,
1000000000000009808,False,
1000000000000009809,False,
1000000000000009810,False,
1000000000000009811,False,
1000000000000009812,False,
1000000000000009813,False,
1000000000000009814,False,
1000000000000009815,False,
1000000000000009816,False,
1000000000000009817,False,
1000000000000009818,False,
1000000000000009819,False,
1000000000000009820,False,
1000000000000009821,False,
1000000000000009822,False,
1000000000000009823,False,
1000000000000009824,False,
1000000000000009825,False,
1000000000000009826,False,
1000000000000009827,False,
1000000000000009828,False,
1000000000000009829,False,
1000000000000009830,False,
1000000000000009831,False,
1000000000000009832,False,
1000000000000009833,False,
1000000000000009834,False,
1000000000000009835,False,
1000000000000009836,False,
1000000000000009837,False,
1000000000000009838,False,
1000000000000009839,False,
1000000000000009840,False,
1000000000000009841,False,
1000000000000009842,False,
1000000000000009843,False,
1000000000000009844,False,
1000000000000009845,False,
1000000000000009846,False,
1000000000000009847,False,
1000000000000009848,False,
1000000000000009849,False,
1000000000000009850,False,
1000000000000009851,False,
1000000000000009852,False,
1000000000000009853,False,
1000000000000009854,False,
1000000000000009855,False,
1000000000000009856,False,
1000000000000009857,False,
1000000000000009858,False,
1000000000000009859,False,
1000000000000009860,False,
1000000000000009861,False,
1000000000000009862,False,
1000000000000009863,False,
1000000000000009864,False,
1000000000000009865,False,
1000000000000009866,False,
1000000000000009867,False,
1000000000000009868,False,
1000000000000009869,False,
1000000000000009870,False,
1000000000000009871,False,
1000000000000009872,False,
1000000000000009873,False,
1000000000000009874,False,
1000000000000009875,False,
1000000000000009876,False,
1000000000000009877,False,
1000000000000009878,False,
1000000000000009879,False,
1000000000000009880,False,
1000000000000009881,False,
1000000000000009882,False,
1000000000000009883,False,
1000000000000009884,False,
1000000000000009885,False,
1000000000000009886,False,
1000000000000009887,False,
1000000000000009888,False,
1000000000000009889,False,
1000000000000009890,False,
1000000000000009891,False,
1000000000000009892,False,
1000000000000009893,False,
1000000000000009894,False,
1000000000000009895,False,
1000000000000009896,False,
1000000000000009897,False,
1000000000000009898,False,
1000000000000009899,False,
1000000000000009900,False,
1000000000000009901,False,
1000000000000009902,False,
1000000000000009903,False,
1000000000000009904,False,
1000000000000009905,False,
1000000000000009906,False,
1000000000000009907,False,
1000000000000009908,False,
1000000000000009909,False,
1000000000000009910,False,
1000000000000009911,False,
1000000000000009912,False,
1000000000000009913,False,
1000000000000009914,False,
1000000000000009915,False,
1000000000000009916,False,
1000000000000009917,False,
1000000000000009918,False,
1000000000000009919,False,
1000000000000009920,False,
1000000000000009921,False,
1000000000000009922,False,
1000000000000009923,False,
1000000000000009924,False,
1000000000000009925,False,
1000000000000009926,False,
1000000000000009927,False,
1000000000000009928,False,
1000000000000009929,False,
1000000000000009930,False,
1000000000000009931,False,
1000000000000009932,False,
1000000000000009933,False,
1000000000000009934,False,
1000000000000009935,False,
1000000000000009936,False,
1000000000000009937,False,
1000000000000009938,False,
1000000000000009939,False,
1000000000000009940,False,
1000000000000009941,False,
1000000000000009942,False,
1000000000000009943,False,
1000000000000009944,False,
1000000000000009945,False,
1000000000000009946,False,
1000000000000009947,False,
1000000000000009948,False,
1000000000000009949,False,
1000000000000009950,False,
1000000000000009951,False,
1000000000000009952,False,
1000000000000009953,False,
1000000000000009954,False,
1000000000000009955,False,
1000000000000009956,False,
1000000000000009957,False,
1000000000000009958,False,
1000000000000009959,False,
1000000000000009960,False,
1000000000000009961,False,
1000000000000009962,False,
1000000000000009963,False,
1000000000000009964,False,
1000000000000009965,False,
1000000000000009966,False,
1000000000000009967,False,
1000000000000009968,False,
1000000000000009969,False,
1000000000000009970,False,
1000000000000009971,False,
1000000000000009972,False,
1000000000000009973,False,
1000000000000009974,False,
1000000000000009975,False,
1000000000000009976,False,
1000000000000009977,False,
1000000000000009978,False,
1000000000000009979,False,
1000000000000009980,False,
1000000000000009981,False,
1000000000000009982,False,
1000000000000009983,False,
1000000000000009984,False,
1000000000000009985,False,
1000000000000009986,False,
1000000000000009987,False,
1000000000000009988,False,
1000000000000009989,False,
1000000000000009990,False,
1000000000000009991,False,
1000000000000009992,False,
1000000000000009993,False,
1000000000000009994,False,
1000000000000009995,False,
1000000000000009996,False,
1000000000000009997,False,
1000000000000009998,False,
1000000000000009999,False,
1000000000000010000,False,
